mean_birth_rate_diff	median_birth_rate_diff	birthRate_hdi95_lower	birthRate_hdi95_upper	run	n	simulation	minBirthRateESS
0.0023897291457232687	0.0023665462806339473	0.0017229019384089848	0.0030590013671719955	sampconfig_m0.5_w1_d0.2_t1_mg1_mm1_l2e+08_i1_s3755_diversified_m1_n100	100	2D_neut_bdg_motility	237.7933051050463
0.00242537087710359	0.0024007972349270774	0.0017345577174843127	0.0031353427814651723	sampconfig_m0.5_w1_d0.2_t1_mg1_mm1_l2e+08_i1_s37939_diversified_m1_n100	100	2D_neut_bdg_motility	281.4957237831235
0.002068551513111811	0.002049249361777061	0.0016324692690960056	0.0025588990155019815	sampconfig_m0.5_w1_d0.2_t1_mg1_mm1_l2e+08_i1_s5353_diversified_m1_n100	100	2D_neut_bdg_motility	381.2784953001689
0.001918370145948853	0.0018797116917349164	0.001390954371672728	0.0025104952660776453	sampconfig_m0.5_w1_d0.2_t1_mg1_mm1_l2e+08_i2_s48200_diversified_m1_n100	100	2D_neut_bdg_motility	748.3404699602296
0.0016149492766382562	0.0015854464924417372	0.0012187640908247568	0.002062525410324143	sampconfig_m0.5_w1_d0.2_t1_mg1_mm1_l2e+08_i3_s23648_diversified_m1_n100	100	2D_neut_bdg_motility	482.2857932491249
0.0015789222801197102	0.001558231680166323	0.0012096098501724907	0.0019861674155236112	sampconfig_m0.5_w1_d0.2_t1_mg1_mm1_l2e+08_i4_s28361_diversified_m1_n100	100	2D_neut_bdg_motility	490.59446664645634
0.002644956056532861	0.002455057805558496	0.0017942175781066137	0.0040337920248636	sampconfig_m0.5_w1_d0.2_t1_mg1_mm1_l2e+08_i5_s7216_diversified_m1_n100	100	2D_neut_bdg_motility	40.226453399164505
0.0029224840409205737	0.0029133374641582568	0.002174643828732395	0.0036496180868283833	sampconfig_m0.5_w1_d0.2_t1_mg1_mm1_l2e+08_i6_s3456_diversified_m1_n100	100	2D_neut_bdg_motility	281.0464667667369
0.002797050725214036	0.002788734960418214	0.0018298940686635706	0.00371202692451834	sampconfig_m0.5_w1_d0.2_t1_mg1_mm1_l2e+08_i7_s1677_diversified_m1_n100	100	2D_neut_bdg_motility	359.358975133051
0.0023039271476107586	0.002256765163515931	0.001549256806279221	0.0031610849304825163	sampconfig_m0.5_w1_d0.2_t1_mg1_mm1_l2e+08_i8_s15296_diversified_m1_n100	100	2D_neut_bdg_motility	120.19256707599153
0.0030126829832416565	0.002777959958210072	0.002093499748317737	0.004433393511150563	sampconfig_m0_w1.1_d0.1_t1_mg0.99_mm1_l2e+08_i1_s20363_diversified_m1_n100	100	2D_sel_bdg	88.07704096525214
0.003087117525662503	0.0030571544749125367	0.002491191743232142	0.003740568737332152	sampconfig_m0_w1.1_d0.1_t1_mg0.99_mm1_l2e+08_i1_s43310_diversified_m1_n100	100	2D_sel_bdg	1027.1527692334962
0.0030600493430114986	0.0030394928628562964	0.002347478472056502	0.003786686539881308	sampconfig_m0_w1.1_d0.1_t1_mg0.99_mm1_l2e+08_i1_s53123_diversified_m1_n100	100	2D_sel_bdg	614.7694868446041
0.0038002341661707486	0.0037802207092334393	0.0030632994594475237	0.0045283355684541575	sampconfig_m0_w1.1_d0.1_t1_mg0.99_mm1_l2e+08_i1_s62823_diversified_m1_n100	100	2D_sel_bdg	419.1324304615008
0.003552315860648779	0.0035526969984745623	0.0026348846805798283	0.004443124892623098	sampconfig_m0_w1.1_d0.1_t1_mg0.99_mm1_l2e+08_i2_s29035_diversified_m1_n100	100	2D_sel_bdg	274.39362039553714
0.0029824674112991665	0.002946490377676537	0.002248642774791707	0.0037597843759412993	sampconfig_m0_w1.1_d0.1_t1_mg0.99_mm1_l2e+08_i2_s36728_diversified_m1_n100	100	2D_sel_bdg	706.4615320046873
0.0031270443061235187	0.0030660920424970756	0.0023946152000565964	0.003985515125144154	sampconfig_m0_w1.1_d0.1_t1_mg0.99_mm1_l2e+08_i2_s3730_diversified_m1_n100	100	2D_sel_bdg	317.7978568789446
0.0043064573188303324	0.004287389443419196	0.0032549408665775237	0.005338731023675687	sampconfig_m0_w1.1_d0.1_t1_mg0.99_mm1_l2e+08_i3_s54011_diversified_m1_n100	100	2D_sel_bdg	365.16184677248043
0.003494699385992138	0.0034543869794984574	0.0027716557344836445	0.004284764449068383	sampconfig_m0_w1.1_d0.1_t1_mg0.99_mm1_l2e+08_i3_s80300_diversified_m1_n100	100	2D_sel_bdg	304.1828378760449
0.004367690049697383	0.0033143602455150294	0.002363107943354374	0.00718503461268573	sampconfig_m0_w1.1_d0.1_t1_mg0.99_mm1_l2e+08_i3_s83165_diversified_m1_n100	100	2D_sel_bdg	16.191253729773234
0.004131900279144115	0.004086564360338847	0.003190420040447035	0.005148492631500652	sampconfig_m0_w1.1_d0.1_t1_mg0.99_mm1_l2e+08_i4_s32876_diversified_m1_n100	100	2D_sel_bdg	273.07945517310736
0.004696461216619188	0.004681737133089054	0.003674102162321603	0.0057575395900730615	sampconfig_m0_w1.1_d0.1_t1_mg0.99_mm1_l2e+08_i4_s65629_diversified_m1_n100	100	2D_sel_bdg	243.15139998397441
0.0037149781585340052	0.0036219027459104738	0.002810515106309402	0.004824095424042342	sampconfig_m0_w1.1_d0.1_t1_mg0.99_mm1_l2e+08_i4_s87908_diversified_m1_n100	100	2D_sel_bdg	309.69503722498655
0.003295493240959009	0.0032737527187639507	0.0026836956551205575	0.0039449710120489905	sampconfig_m0_w1.1_d0.1_t1_mg0.99_mm1_l2e+08_i5_s68464_diversified_m1_n100	100	2D_sel_bdg	795.6278772464871
0.002824191014368934	0.002795814896615601	0.002104541016846619	0.003572490617588003	sampconfig_m0_w1.1_d0.1_t1_mg0.99_mm1_l2e+08_i5_s91109_diversified_m1_n100	100	2D_sel_bdg	414.0182049315727
0.003920039945265942	0.003909466411374103	0.0029313969358372937	0.004923030495562008	sampconfig_m0_w1.1_d0.1_t1_mg0.99_mm1_l2e+08_i5_s94765_diversified_m1_n100	100	2D_sel_bdg	227.91441827529346
0.004357183145536384	0.0043300216730638675	0.003434665282894415	0.005342241463015104	sampconfig_m0_w1.1_d0.1_t1_mg0.99_mm1_l2e+08_i6_s4066_diversified_m1_n100	100	2D_sel_bdg	467.0108128855415
0.0022814387636206045	0.002262835942513449	0.0018656786536221286	0.002750397948020015	sampconfig_m0_w1.1_d0.1_t1_mg0.99_mm1_l2e+08_i6_s51663_diversified_m1_n100	100	2D_sel_bdg	1512.9685426663161
0.004109625196779441	0.004058672562346402	0.0031087061112557613	0.005198384612255249	sampconfig_m0_w1.1_d0.1_t1_mg0.99_mm1_l2e+08_i6_s63989_diversified_m1_n100	100	2D_sel_bdg	198.6581938822163
0.0028365467439994477	0.0028143904842822583	0.002276470461951631	0.003408303169941984	sampconfig_m0_w1.1_d0.1_t1_mg0.99_mm1_l2e+08_i7_s27834_diversified_m1_n100	100	2D_sel_bdg	944.3138414438254
0.003435132998435623	0.0033901468477449954	0.0026064027949284406	0.00430686362655494	sampconfig_m0_w1.1_d0.1_t1_mg0.99_mm1_l2e+08_i7_s49803_diversified_m1_n100	100	2D_sel_bdg	314.73251423303526
0.0036309392598919106	0.003617667871278751	0.002806776548144609	0.00450379548286809	sampconfig_m0_w1.1_d0.1_t1_mg0.99_mm1_l2e+08_i7_s97444_diversified_m1_n100	100	2D_sel_bdg	265.22175710628875
0.00358839963657514	0.0035614251568826267	0.0026285676583280267	0.004622374738030765	sampconfig_m0_w1.1_d0.1_t1_mg0.99_mm1_l2e+08_i8_s50357_diversified_m1_n100	100	2D_sel_bdg	481.18820183048655
0.0022214780583061874	0.0021867889760833876	0.0016929760391686901	0.002826864059018149	sampconfig_m0_w1.1_d0.1_t1_mg0.99_mm1_l2e+08_i8_s5136_diversified_m1_n100	100	2D_sel_bdg	976.0612286746067
0.0024908529112330803	0.0024648381820368695	0.0019506173298153141	0.003091128241258662	sampconfig_m0_w1.1_d0.1_t1_mg0.99_mm1_l2e+08_i8_s97191_diversified_m1_n100	100	2D_sel_bdg	612.6643252221941
0.002512272736711214	0.002355221389264628	0.00170933405961527	0.0036977582966041997	sampconfig_m0_w1.1_d0.2_t1_mg0.99_mm1_l2e+08_i1_s20264_diversified_m1_n100	100	2D_sel_bdg	172.36680331932084
0.00280358176185335	0.0027864747063265985	0.0021249759034382824	0.003516547843650161	sampconfig_m0_w1.1_d0.2_t1_mg0.99_mm1_l2e+08_i1_s21491_diversified_m1_n100	100	2D_sel_bdg	295.70682318780575
0.0014272688323275198	0.001400682404022221	8.498192196851075e-4	0.002062727299738635	sampconfig_m0_w1.1_d0.2_t1_mg0.99_mm1_l2e+08_i1_s35083_diversified_m1_n100	100	3D_sel	243.5526967807418
0.0028504890539486033	0.002687246913407532	0.0019137121343926742	0.004117373718877937	sampconfig_m0_w1.1_d0.2_t1_mg0.99_mm1_l2e+08_i1_s59583_diversified_m1_n100	100	2D_sel_bdg	164.49114686342745
0.002299485440999907	0.002265593486678381	0.001615727691653708	0.003056459247984213	sampconfig_m0_w1.1_d0.2_t1_mg0.99_mm1_l2e+08_i1_s80300_diversified_m1_n100	100	3D_sel	773.447571555851
0.0033238630393067252	0.003306905190529317	0.002608166538200404	0.004066642128146096	sampconfig_m0_w1.1_d0.2_t1_mg0.99_mm1_l2e+08_i1_s81847_diversified_m1_n100	100	2D_sel_bdg	353.906690397507
0.00225786074031756	0.0022291000936455457	0.001593348391121982	0.002991369328188002	sampconfig_m0_w1.1_d0.2_t1_mg0.99_mm1_l2e+08_i1_s86133_diversified_m1_n100	100	3D_sel	232.84017136029314
0.002806686310938984	0.002775277994212755	0.002032072560959062	0.0035840821974107177	sampconfig_m0_w1.1_d0.2_t1_mg0.99_mm1_l2e+08_i2_s56472_diversified_m1_n100	100	2D_sel_bdg	919.363187875333
0.0018344333440007282	0.0018227205802300692	0.001492187967102866	0.002212732063071998	sampconfig_m0_w1.1_d0.2_t1_mg0.99_mm1_l2e+08_i2_s85456_diversified_m1_n100	100	2D_sel_bdg	1004.7672637105579
0.0031730978110545206	0.0031188098200800535	0.0022853169580113976	0.004184763018729199	sampconfig_m0_w1.1_d0.2_t1_mg0.99_mm1_l2e+08_i2_s85625_diversified_m1_n100	100	2D_sel_bdg	498.31809688344214
0.001783960051559057	0.0017629983222165737	0.0012329765293050703	0.002363699533875798	sampconfig_m0_w1.1_d0.2_t1_mg0.99_mm1_l2e+08_i2_s88201_diversified_m1_n100	100	3D_sel	469.3914840107626
0.0018160089128090521	0.0017957891276917056	0.0011823871572130024	0.0024847189034522795	sampconfig_m0_w1.1_d0.2_t1_mg0.99_mm1_l2e+08_i3_s26990_diversified_m1_n100	100	3D_sel	252.8125978283441
0.0018040200763946694	0.0017830853911291016	0.0013885211769574341	0.0022684293057796544	sampconfig_m0_w1.1_d0.2_t1_mg0.99_mm1_l2e+08_i3_s66240_diversified_m1_n100	100	2D_sel_bdg	1442.414552702561
0.003698920680179915	0.0036635564904990907	0.0028052478167550294	0.004627097316454259	sampconfig_m0_w1.1_d0.2_t1_mg0.99_mm1_l2e+08_i3_s85208_diversified_m1_n100	100	2D_sel_bdg	363.95274565397375
0.0035699261098985323	0.0035189858493001203	0.0027631073237894305	0.004487298797646551	sampconfig_m0_w1.1_d0.2_t1_mg0.99_mm1_l2e+08_i3_s98842_diversified_m1_n100	100	2D_sel_bdg	320.5547151427194
0.0023754231216176636	0.002359955802519018	0.0018249059846582184	0.002934800907578625	sampconfig_m0_w1.1_d0.2_t1_mg0.99_mm1_l2e+08_i4_s16817_diversified_m1_n100	100	2D_sel_bdg	1080.955489908624
0.0017843825677286225	0.0017717141452861475	0.001296288576376467	0.002262746826015156	sampconfig_m0_w1.1_d0.2_t1_mg0.99_mm1_l2e+08_i4_s20946_diversified_m1_n100	100	2D_sel_bdg	877.7651727646667
0.002449108087136158	0.0024591945114599742	0.0017935770977060793	0.0030066594468852142	sampconfig_m0_w1.1_d0.2_t1_mg0.99_mm1_l2e+08_i4_s60223_diversified_m1_n100	100	2D_sel_bdg	356.0100416445393
0.0017711518131747687	0.0017454399332136462	0.0011103080791125205	0.0024592663993752125	sampconfig_m0_w1.1_d0.2_t1_mg0.99_mm1_l2e+08_i4_s63912_diversified_m1_n100	100	3D_sel	432.2146154942598
0.0016458564390456295	0.001614887008768857	0.0012626556661165269	0.0020777716666740527	sampconfig_m0_w1.1_d0.2_t1_mg0.99_mm1_l2e+08_i5_s2734_diversified_m1_n100	100	2D_sel_bdg	520.3352599711076
0.003719237228398326	0.003693784185232591	0.002927448817829688	0.004617194129982801	sampconfig_m0_w1.1_d0.2_t1_mg0.99_mm1_l2e+08_i5_s58705_diversified_m1_n100	100	2D_sel_bdg	279.7468195321993
0.0025663449636608242	0.0025361090182765347	0.0018944241853132283	0.0032936673332502014	sampconfig_m0_w1.1_d0.2_t1_mg0.99_mm1_l2e+08_i5_s78486_diversified_m1_n100	100	2D_sel_bdg	315.82089794230797
0.0018685837219596124	0.0018376232870706858	0.001300503946533752	0.002495092196007977	sampconfig_m0_w1.1_d0.2_t1_mg0.99_mm1_l2e+08_i5_s87365_diversified_m1_n100	100	3D_sel	215.7235904592778
0.001633308572608318	0.0016090138843215403	0.001035417354863522	0.0022751873402331183	sampconfig_m0_w1.1_d0.2_t1_mg0.99_mm1_l2e+08_i6_s42011_diversified_m1_n100	100	3D_sel	205.50194405405793
0.002357430808176978	0.0023387625316505217	0.0018322696930299907	0.0029145320889429082	sampconfig_m0_w1.1_d0.2_t1_mg0.99_mm1_l2e+08_i6_s57578_diversified_m1_n100	100	2D_sel_bdg	1332.4924145868224
0.0018757398133667205	0.0018593153181026023	0.0015149534951766491	0.002273656572668665	sampconfig_m0_w1.1_d0.2_t1_mg0.99_mm1_l2e+08_i6_s71283_diversified_m1_n100	100	2D_sel_bdg	2295.6687515693893
0.003336804455306773	0.0032841029160032274	0.0025298875659380566	0.004214811418401663	sampconfig_m0_w1.1_d0.2_t1_mg0.99_mm1_l2e+08_i6_s95418_diversified_m1_n100	100	2D_sel_bdg	315.8008961418221
0.0026631331861776083	0.0026279193195359605	0.0019972153880423145	0.0033641123989453865	sampconfig_m0_w1.1_d0.2_t1_mg0.99_mm1_l2e+08_i7_s38125_diversified_m1_n100	100	2D_sel_bdg	816.4159337868698
0.003339592951011667	0.0033156446631628037	0.0025684649568288595	0.004174068206060687	sampconfig_m0_w1.1_d0.2_t1_mg0.99_mm1_l2e+08_i7_s66017_diversified_m1_n100	100	2D_sel_bdg	541.5451463902818
0.001616092067185508	0.0015937074107626617	0.0011145993870381504	0.0021440173166602473	sampconfig_m0_w1.1_d0.2_t1_mg0.99_mm1_l2e+08_i7_s76033_diversified_m1_n100	100	3D_sel	241.60505951717275
0.0021442848430407177	0.002124943133165069	0.0016650785389089576	0.002658819670385683	sampconfig_m0_w1.1_d0.2_t1_mg0.99_mm1_l2e+08_i7_s87032_diversified_m1_n100	100	2D_sel_bdg	840.6440787820633
0.0030254010619550947	0.0030163642041305975	0.0023582318282690884	0.003711700666900897	sampconfig_m0_w1.1_d0.2_t1_mg0.99_mm1_l2e+08_i8_s42120_diversified_m1_n100	100	2D_sel_bdg	400.5818003715646
0.002604922553972331	0.0025416336847880407	0.0018267521422724278	0.003485251394693818	sampconfig_m0_w1.1_d0.2_t1_mg0.99_mm1_l2e+08_i8_s42970_diversified_m1_n100	100	2D_sel_bdg	217.24130104490254
0.001993659393615374	0.001963012088229561	0.001272004152739223	0.0027737464208843743	sampconfig_m0_w1.1_d0.2_t1_mg0.99_mm1_l2e+08_i8_s8928_diversified_m1_n100	100	3D_sel	272.74071370377
0.0019858533706651293	0.0019635774151219925	0.0015452662464412981	0.002460904340974063	sampconfig_m0_w1.1_d0.2_t1_mg0.99_mm1_l2e+08_i8_s92702_diversified_m1_n100	100	2D_sel_bdg	902.9246855795373
0.0019840839581892864	0.001962563158113069	0.0014364635833421628	0.002588883166164853	sampconfig_m0_w1.1_d0.3_t1_mg0.99_mm1_l2e+08_i1_s7406_diversified_m1_n100	100	2D_sel_bdg	486.1523721955253
0.004254239560617917	0.004203782371109119	0.0032437855995109165	0.005370601621306401	sampconfig_m0_w1.1_d0.3_t1_mg0.99_mm1_l2e+08_i1_s78236_diversified_m1_n100	100	2D_sel_bdg	248.42529844883362
0.0015251445042523209	0.0015084885413055044	0.001127857401641306	0.0019364055083530938	sampconfig_m0_w1.1_d0.3_t1_mg0.99_mm1_l2e+08_i1_s78568_diversified_m1_n100	100	2D_sel_bdg	759.778036782419
0.0015412623327212118	0.0015193011482166345	0.0011283609239647542	0.0019540425719630065	sampconfig_m0_w1.1_d0.3_t1_mg0.99_mm1_l2e+08_i1_s8659_diversified_m1_n100	100	2D_sel_bdg	238.8136492162964
0.0016488107377201223	0.0015691650921608618	0.0010516063108300844	0.0024769362629242205	sampconfig_m0_w1.1_d0.3_t1_mg0.99_mm1_l2e+08_i2_s23234_diversified_m1_n100	100	2D_sel_bdg	307.75856474970004
0.0015976118883264383	0.001569883011401953	0.0010593656793689702	0.0021933782288826175	sampconfig_m0_w1.1_d0.3_t1_mg0.99_mm1_l2e+08_i2_s98708_diversified_m1_n100	100	2D_sel_bdg	580.4384166819566
0.0020738448418646614	0.0020060794107492597	0.001395536351199035	0.002922875476697588	sampconfig_m0_w1.1_d0.3_t1_mg0.99_mm1_l2e+08_i2_s99146_diversified_m1_n100	100	2D_sel_bdg	455.07170514934626
0.0019211547098722148	0.0019252033689234806	0.0013509151982665022	0.002437819087531189	sampconfig_m0_w1.1_d0.3_t1_mg0.99_mm1_l2e+08_i3_s42354_diversified_m1_n100	100	2D_sel_bdg	288.61329844890514
0.003765666708001295	0.0037074768624924983	0.002581991766010697	0.005034116944681909	sampconfig_m0_w1.1_d0.3_t1_mg0.99_mm1_l2e+08_i3_s83672_diversified_m1_n100	100	2D_sel_bdg	259.00080312958903
0.0019140690655114001	0.0018631853532315805	0.0013223129025064537	0.0026227491014125634	sampconfig_m0_w1.1_d0.3_t1_mg0.99_mm1_l2e+08_i3_s93952_diversified_m1_n100	100	2D_sel_bdg	243.53841271194386
0.001862464653158756	0.0018487520528833114	0.0013594440051770914	0.002391142785797415	sampconfig_m0_w1.1_d0.3_t1_mg0.99_mm1_l2e+08_i4_s11916_diversified_m1_n100	100	2D_sel_bdg	463.6640786248838
0.0024980797883036006	0.0024741067024992708	0.0018822038808519602	0.003165474792334224	sampconfig_m0_w1.1_d0.3_t1_mg0.99_mm1_l2e+08_i4_s59275_diversified_m1_n100	100	2D_sel_bdg	721.212704947974
0.0021433506507325404	0.0020935076999491443	0.0014978357577414417	0.002878925863622496	sampconfig_m0_w1.1_d0.3_t1_mg0.99_mm1_l2e+08_i4_s95592_diversified_m1_n100	100	2D_sel_bdg	499.56256542753346
0.001679798325785498	0.0016619341346972532	0.0012783439990729857	0.0020993420342471816	sampconfig_m0_w1.1_d0.3_t1_mg0.99_mm1_l2e+08_i5_s10605_diversified_m1_n100	100	2D_sel_bdg	1273.8587563882245
0.0016461019257908746	0.0015785363079742509	0.001172961167649885	0.002306378890088807	sampconfig_m0_w1.1_d0.3_t1_mg0.99_mm1_l2e+08_i5_s63993_diversified_m1_n100	100	2D_sel_bdg	463.27024659819824
0.0019570750207042087	0.001937075442018955	0.0014568170664383746	0.002474671376951723	sampconfig_m0_w1.1_d0.3_t1_mg0.99_mm1_l2e+08_i5_s82243_diversified_m1_n100	100	2D_sel_bdg	967.9205107535945
0.001452243099974648	0.0014385784358948944	0.0010696546096325764	0.0018609109780289	sampconfig_m0_w1.1_d0.3_t1_mg0.99_mm1_l2e+08_i6_s4275_diversified_m1_n100	100	2D_sel_bdg	987.982299537968
0.0030283116248244362	0.002555929472932543	0.0018597238439053974	0.006757036815455168	sampconfig_m0_w1.1_d0.3_t1_mg0.99_mm1_l2e+08_i6_s49874_diversified_m1_n100	100	2D_sel_bdg	25.260724512944783
0.0022253835576103095	0.002211144826584359	0.001633470724869419	0.002852226531385829	sampconfig_m0_w1.1_d0.3_t1_mg0.99_mm1_l2e+08_i6_s69290_diversified_m1_n100	100	2D_sel_bdg	652.8217922685617
0.002586064479813286	0.0025560651309514547	0.001925027071323374	0.003338634129597331	sampconfig_m0_w1.1_d0.3_t1_mg0.99_mm1_l2e+08_i7_s38188_diversified_m1_n100	100	2D_sel_bdg	363.29932994158946
0.001765667233587131	0.0017511588469615352	0.001373730250252877	0.0021846884872399903	sampconfig_m0_w1.1_d0.3_t1_mg0.99_mm1_l2e+08_i7_s41492_diversified_m1_n100	100	2D_sel_bdg	687.0294488353849
0.0013372624406221597	0.0013230150008336924	0.0010613239795334234	0.001643382148999422	sampconfig_m0_w1.1_d0.3_t1_mg0.99_mm1_l2e+08_i7_s62095_diversified_m1_n100	100	2D_sel_bdg	1344.974464450344
0.002063207893808415	0.0020443274555305858	0.0014857228694175782	0.0026736873623748277	sampconfig_m0_w1.1_d0.3_t1_mg0.99_mm1_l2e+08_i8_s88223_diversified_m1_n100	100	2D_sel_bdg	781.3045322010003
0.0015968428736450335	0.0015784880168075565	0.0011253368359155583	0.0020759029727259646	sampconfig_m0_w1.1_d0.3_t1_mg0.99_mm1_l2e+08_i8_s92638_diversified_m1_n100	100	2D_sel_bdg	882.9634901672919
0.0017646149341262465	0.0017461830040183088	0.001309505525613608	0.002253361146177857	sampconfig_m0_w1.1_d0.3_t1_mg0.99_mm1_l2e+08_i8_s96638_diversified_m1_n100	100	2D_sel_bdg	819.5964808603821
0.0010521907997185361	0.0010444200496586373	7.634276949362547e-4	0.0013546128768976862	sampconfig_m0_w1.1_d0.4_t1_mg0.99_mm1_l2e+08_i1_s2768_diversified_m1_n100	100	2D_sel_bdg	621.1496915014742
0.0013642814200230196	0.0013439140266154914	9.157676633514454e-4	0.0018512105780316263	sampconfig_m0_w1.1_d0.4_t1_mg0.99_mm1_l2e+08_i1_s31973_diversified_m1_n100	100	3D_sel	316.1467486662415
0.0012381146139245382	0.0012225400036883142	8.396122379105907e-4	0.0016600371048076815	sampconfig_m0_w1.1_d0.4_t1_mg0.99_mm1_l2e+08_i1_s34006_diversified_m1_n100	100	2D_sel_bdg	477.0629395742372
0.001117765538034031	0.001101176256929289	7.456515416017257e-4	0.0015132863057957283	sampconfig_m0_w1.1_d0.4_t1_mg0.99_mm1_l2e+08_i1_s52146_diversified_m1_n100	100	2D_sel_bdg	438.55336324962724
0.0016246958410983206	0.0015846993264823444	9.847996368089447e-4	0.0023309357585843977	sampconfig_m0_w1.1_d0.4_t1_mg0.99_mm1_l2e+08_i1_s53662_diversified_m1_n100	100	3D_sel	229.41912761214883
0.0012596472151032807	0.0012444610851673735	8.41942693802973e-4	0.0017094159874410024	sampconfig_m0_w1.1_d0.4_t1_mg0.99_mm1_l2e+08_i1_s53980_diversified_m1_n100	100	3D_sel	418.1788148453686
0.0014439232281555974	0.0014310754264739794	0.0010595784871795758	0.0018315833704632026	sampconfig_m0_w1.1_d0.4_t1_mg0.99_mm1_l2e+08_i1_s65883_diversified_m1_n100	100	2D_sel_bdg	1033.3540773807765
0.0017154285037191317	0.001697331881914163	0.0012333554832425998	0.002224293876939883	sampconfig_m0_w1.1_d0.4_t1_mg0.99_mm1_l2e+08_i2_s10365_diversified_m1_n100	100	2D_sel_bdg	597.2078848323733
0.0018461642403544806	0.0018198429167058335	0.0013244390947155914	0.002409797881712183	sampconfig_m0_w1.1_d0.4_t1_mg0.99_mm1_l2e+08_i2_s27416_diversified_m1_n100	100	2D_sel_bdg	653.3424240140872
0.002157219716080555	0.0021388296312337992	0.0016144519348902002	0.00271852987947883	sampconfig_m0_w1.1_d0.4_t1_mg0.99_mm1_l2e+08_i2_s60063_diversified_m1_n100	100	2D_sel_bdg	1058.1086116027932
0.0016473293000157671	0.0016207158392966838	0.0010592224170167092	0.002315748700477331	sampconfig_m0_w1.1_d0.4_t1_mg0.99_mm1_l2e+08_i2_s8536_diversified_m1_n100	100	3D_sel	477.18909045777406
0.001206907874593245	0.0011932948306593583	8.848187904976928e-4	0.001552127621485688	sampconfig_m0_w1.1_d0.4_t1_mg0.99_mm1_l2e+08_i3_s47654_diversified_m1_n100	100	2D_sel_bdg	661.4496427426253
0.0019691919316527353	0.0019309536691663378	0.0012908589199383787	0.0027237798329113254	sampconfig_m0_w1.1_d0.4_t1_mg0.99_mm1_l2e+08_i3_s58770_diversified_m1_n100	100	2D_sel_bdg	215.39873661560412
-0.0031382670155543427	-0.003051923790593856	-0.004580809553091607	-0.002021669415961006	sampconfig_m0_w1.1_d0.4_t1_mg0.99_mm1_l2e+08_i3_s69127_diversified_m1_n100	100	3D_sel	4.8948796941372485
0.0012098588863185783	0.001196159700627745	8.751844151323491e-4	0.0015704252565995423	sampconfig_m0_w1.1_d0.4_t1_mg0.99_mm1_l2e+08_i3_s90499_diversified_m1_n100	100	2D_sel_bdg	365.2724865389485
-0.0015840715820418132	-0.0015635080425183455	-0.002086622251337125	-0.0011026291574669908	sampconfig_m0_w1.1_d0.4_t1_mg0.99_mm1_l2e+08_i4_s24239_diversified_m1_n100	100	3D_sel	106.98606360562059
0.0012114593325653813	0.0011756584035537557	7.763260380105935e-4	0.0017164609904688818	sampconfig_m0_w1.1_d0.4_t1_mg0.99_mm1_l2e+08_i4_s30668_diversified_m1_n100	100	2D_sel_bdg	567.8765219006948
0.0012122031068250141	0.0011954121990891049	8.401419921247326e-4	0.0015985739844242416	sampconfig_m0_w1.1_d0.4_t1_mg0.99_mm1_l2e+08_i4_s59663_diversified_m1_n100	100	2D_sel_bdg	1189.7837570643926
0.001358648943142565	0.0013409736557747644	9.575520561875313e-4	0.001785757093681529	sampconfig_m0_w1.1_d0.4_t1_mg0.99_mm1_l2e+08_i4_s73875_diversified_m1_n100	100	2D_sel_bdg	753.1726188168583
0.0011658117911998419	0.0011405747711741147	7.429152692721657e-4	0.0016550659747393607	sampconfig_m0_w1.1_d0.4_t1_mg0.99_mm1_l2e+08_i5_s24021_diversified_m1_n100	100	2D_sel_bdg	479.0900736021086
0.0010864458077847142	0.0010576151789528576	6.701406658909525e-4	0.0015293432561078978	sampconfig_m0_w1.1_d0.4_t1_mg0.99_mm1_l2e+08_i5_s4408_diversified_m1_n100	100	3D_sel	225.18156278336292
0.0011804510322255498	0.001158298478163944	7.670050349148174e-4	0.001625227243584176	sampconfig_m0_w1.1_d0.4_t1_mg0.99_mm1_l2e+08_i5_s54095_diversified_m1_n100	100	2D_sel_bdg	1132.1382981283787
9.739694177253827e-4	9.688790061241116e-4	7.133755578077917e-4	0.0012450390808885837	sampconfig_m0_w1.1_d0.4_t1_mg0.99_mm1_l2e+08_i5_s79637_diversified_m1_n100	100	2D_sel_bdg	1372.139455513954
0.0013059382983846366	0.0012874649038973247	9.009262633037801e-4	0.0017428998648510252	sampconfig_m0_w1.1_d0.4_t1_mg0.99_mm1_l2e+08_i6_s14492_diversified_m1_n100	100	2D_sel_bdg	1042.3865651105205
0.0014987791263346827	0.0014850537966572524	0.0011001059840445382	0.0019095590789957085	sampconfig_m0_w1.1_d0.4_t1_mg0.99_mm1_l2e+08_i6_s1694_diversified_m1_n100	100	2D_sel_bdg	701.4377522335928
0.001369934115956416	0.0013556357766686066	9.72934192780215e-4	0.0017883835766540508	sampconfig_m0_w1.1_d0.4_t1_mg0.99_mm1_l2e+08_i6_s75112_diversified_m1_n100	100	2D_sel_bdg	925.4587729415064
0.0013074075334873372	0.001299821942919857	9.334704954496766e-4	0.0017055311673449783	sampconfig_m0_w1.1_d0.4_t1_mg0.99_mm1_l2e+08_i6_s98729_diversified_m1_n100	100	3D_sel	643.2052624222737
0.0018544995442979996	0.0018302928455834104	0.0013008888181930908	0.002450586665470064	sampconfig_m0_w1.1_d0.4_t1_mg0.99_mm1_l2e+08_i7_s41527_diversified_m1_n100	100	3D_sel	322.0356429878731
0.0015727929684188889	0.0015594326316189428	0.0011502116621962257	0.0020088098579888495	sampconfig_m0_w1.1_d0.4_t1_mg0.99_mm1_l2e+08_i7_s50029_diversified_m1_n100	100	2D_sel_bdg	667.1900120170224
0.0010224012158266556	0.0010121884139031108	7.371651551373573e-4	0.0013236398898097146	sampconfig_m0_w1.1_d0.4_t1_mg0.99_mm1_l2e+08_i7_s93367_diversified_m1_n100	100	2D_sel_bdg	916.3510675406051
0.0014510110446655235	0.0014242339804030376	0.0010313719659317956	0.0019222802347875888	sampconfig_m0_w1.1_d0.4_t1_mg0.99_mm1_l2e+08_i7_s99378_diversified_m1_n100	100	2D_sel_bdg	876.8915848457347
0.0010619380534976509	0.0010519863958403626	7.714486013763512e-4	0.001354439613374053	sampconfig_m0_w1.1_d0.4_t1_mg0.99_mm1_l2e+08_i8_s62187_diversified_m1_n100	100	2D_sel_bdg	754.3205511088473
0.0011458308189063967	0.0011353480332684726	8.331545524971704e-4	0.0014785284172111441	sampconfig_m0_w1.1_d0.4_t1_mg0.99_mm1_l2e+08_i8_s79139_diversified_m1_n100	100	2D_sel_bdg	957.8327733457394
0.0016504458193944368	0.0016125716543592076	0.0011074919030963292	0.002291389100954931	sampconfig_m0_w1.1_d0.4_t1_mg0.99_mm1_l2e+08_i8_s94449_diversified_m1_n100	100	2D_sel_bdg	451.1184231280013
0.0011058529846749673	0.0010670347039406151	7.18660531844693e-4	0.001602786265490087	sampconfig_m0_w1.1_d0.5_t1_mg0.99_mm1_l2e+08_i1_s25635_diversified_m1_n100	100	2D_sel_bdg	330.2189100185774
9.689940755095201e-4	9.586089752706762e-4	7.033449199497474e-4	0.0012501098683027425	sampconfig_m0_w1.1_d0.5_t1_mg0.99_mm1_l2e+08_i1_s5083_diversified_m1_n100	100	2D_sel_bdg	523.812569800031
0.0011322929573967728	0.0011213502745867133	8.043262571860293e-4	0.0014587228393962497	sampconfig_m0_w1.1_d0.5_t1_mg0.99_mm1_l2e+08_i1_s57268_diversified_m1_n100	100	2D_sel_bdg	702.6971155531767
0.001205597400319948	0.0011852268646408751	8.514397580208659e-4	0.0015969797870414718	sampconfig_m0_w1.1_d0.5_t1_mg0.99_mm1_l2e+08_i1_s85129_diversified_m1_n100	100	2D_sel_bdg	766.9252189993089
9.238109085321213e-4	9.154290949732421e-4	6.334206462984206e-4	0.0012128296031264994	sampconfig_m0_w1.1_d0.5_t1_mg0.99_mm1_l2e+08_i2_s38076_diversified_m1_n100	100	2D_sel_bdg	885.6276287171061
0.0013407354399888596	0.0013132522244634736	9.156891783381298e-4	0.0018371684417366986	sampconfig_m0_w1.1_d0.5_t1_mg0.99_mm1_l2e+08_i2_s43976_diversified_m1_n100	100	2D_sel_bdg	829.2084232545451
6.400679037897214e-4	6.310056516869434e-4	4.4599583204366804e-4	8.494606617327255e-4	sampconfig_m0_w1.1_d0.5_t1_mg0.99_mm1_l2e+08_i2_s49595_diversified_m1_n100	100	2D_sel_bdg	779.3496644332042
7.466862010948417e-4	7.378567252147347e-4	5.163021113809757e-4	9.947495543520056e-4	sampconfig_m0_w1.1_d0.5_t1_mg0.99_mm1_l2e+08_i3_s22213_diversified_m1_n100	100	2D_sel_bdg	968.2876053524193
8.538827152836386e-4	8.439213871071845e-4	6.07865577732945e-4	0.0011209988720934172	sampconfig_m0_w1.1_d0.5_t1_mg0.99_mm1_l2e+08_i3_s65083_diversified_m1_n100	100	2D_sel_bdg	642.2499016469394
0.001385867708453364	0.0013739472468960925	0.0010043502206737035	0.0017979398594263768	sampconfig_m0_w1.1_d0.5_t1_mg0.99_mm1_l2e+08_i3_s84913_diversified_m1_n100	100	2D_sel_bdg	756.8580190822754
0.00115653884398652	0.0011437153385187547	8.3002137324212e-4	0.0014918396255641057	sampconfig_m0_w1.1_d0.5_t1_mg0.99_mm1_l2e+08_i4_s61662_diversified_m1_n100	100	2D_sel_bdg	627.8504409693501
7.418972074427587e-4	7.292249095982668e-4	5.273769614669582e-4	9.82626972584317e-4	sampconfig_m0_w1.1_d0.5_t1_mg0.99_mm1_l2e+08_i4_s67884_diversified_m1_n100	100	2D_sel_bdg	650.1608938565992
7.123581929695483e-4	7.039061998987397e-4	4.892312488834125e-4	9.446241790064223e-4	sampconfig_m0_w1.1_d0.5_t1_mg0.99_mm1_l2e+08_i4_s84793_diversified_m1_n100	100	2D_sel_bdg	748.3963589281263
0.001066886157078144	0.001045265993031222	6.912506300592227e-4	0.0014777306615390898	sampconfig_m0_w1.1_d0.5_t1_mg0.99_mm1_l2e+08_i5_s41038_diversified_m1_n100	100	2D_sel_bdg	526.5341855675603
9.658119918448576e-4	9.513735463421121e-4	6.779309849093484e-4	0.0012813053023747964	sampconfig_m0_w1.1_d0.5_t1_mg0.99_mm1_l2e+08_i5_s5454_diversified_m1_n100	100	2D_sel_bdg	794.7866989555708
0.001259971315605541	0.0012479096877554535	8.829452797218307e-4	0.001670112455869703	sampconfig_m0_w1.1_d0.5_t1_mg0.99_mm1_l2e+08_i5_s71934_diversified_m1_n100	100	2D_sel_bdg	665.6835001371749
8.323316392825408e-4	8.210871456253618e-4	5.919571442891301e-4	0.0010944634911184373	sampconfig_m0_w1.1_d0.5_t1_mg0.99_mm1_l2e+08_i6_s10386_diversified_m1_n100	100	2D_sel_bdg	663.0105499349726
7.995822645560957e-4	7.90934720143967e-4	5.691067349230087e-4	0.0010474019155376185	sampconfig_m0_w1.1_d0.5_t1_mg0.99_mm1_l2e+08_i6_s69903_diversified_m1_n100	100	2D_sel_bdg	1098.82085986967
0.001158708543387697	0.0011445986222636045	7.782510851987271e-4	0.001561701193629235	sampconfig_m0_w1.1_d0.5_t1_mg0.99_mm1_l2e+08_i6_s75713_diversified_m1_n100	100	2D_sel_bdg	956.7614157983616
0.001203437117511879	0.0011889357888550851	8.387310237409856e-4	0.0015775511311626356	sampconfig_m0_w1.1_d0.5_t1_mg0.99_mm1_l2e+08_i7_s12650_diversified_m1_n100	100	2D_sel_bdg	483.7545495068184
9.052645282090365e-4	8.914380337556797e-4	6.258492454871221e-4	0.0012074417205308646	sampconfig_m0_w1.1_d0.5_t1_mg0.99_mm1_l2e+08_i7_s42078_diversified_m1_n100	100	2D_sel_bdg	480.4789709506229
0.0013021672951243598	0.0012440030769219792	8.332060123653793e-4	0.0019120021664571388	sampconfig_m0_w1.1_d0.5_t1_mg0.99_mm1_l2e+08_i7_s44787_diversified_m1_n100	100	2D_sel_bdg	257.04404712628536
8.589987912831793e-4	8.48184064250243e-4	5.988218298578687e-4	0.001141766310451778	sampconfig_m0_w1.1_d0.5_t1_mg0.99_mm1_l2e+08_i8_s21118_diversified_m1_n100	100	2D_sel_bdg	511.36977296851404
7.79784536667875e-4	7.671039061233264e-4	5.174538558976434e-4	0.001058888672266239	sampconfig_m0_w1.1_d0.5_t1_mg0.99_mm1_l2e+08_i8_s26710_diversified_m1_n100	100	2D_sel_bdg	835.1696230327511
0.0012563657105805835	0.0012418144368578424	8.847303069408282e-4	0.0016536705502570997	sampconfig_m0_w1.1_d0.5_t1_mg0.99_mm1_l2e+08_i8_s29137_diversified_m1_n100	100	2D_sel_bdg	806.7116917797233
6.192183715018116e-4	6.113446112387201e-4	4.2077647922229193e-4	8.283909828102479e-4	sampconfig_m0_w1.1_d0.6_t1_mg0.99_mm1_l2e+08_i1_s22251_diversified_m1_n100	100	2D_sel_bdg	926.9203515808629
3.1109788004194294e-4	3.003139897237347e-4	3.888703908069705e-5	6.11797662953383e-4	sampconfig_m0_w1.1_d0.6_t1_mg0.99_mm1_l2e+08_i1_s22529_diversified_m1_n100	100	3D_sel	1373.755592037372
0.0011862047379429849	0.0010851700811029658	6.297021536303118e-4	0.002174368320469588	sampconfig_m0_w1.1_d0.6_t1_mg0.99_mm1_l2e+08_i1_s34464_diversified_m1_n100	100	2D_sel_bdg	163.12288183020797
6.999198854962147e-4	6.860635280089407e-4	4.427828931273703e-4	9.868531933454265e-4	sampconfig_m0_w1.1_d0.6_t1_mg0.99_mm1_l2e+08_i1_s71035_diversified_m1_n100	100	2D_sel_bdg	853.821646034972
9.098541940592062e-4	8.944267300956035e-4	5.950901782164422e-4	0.001260565304033382	sampconfig_m0_w1.1_d0.6_t1_mg0.99_mm1_l2e+08_i1_s84097_diversified_m1_n100	100	2D_sel_bdg	460.5396271000022
0.00029612339994519743	2.882936100820219e-4	7.338330048765906e-5	5.453206787954705e-4	sampconfig_m0_w1.1_d0.6_t1_mg0.99_mm1_l2e+08_i1_s85465_diversified_m1_n100	100	3D_sel	1142.655157444593
9.782448583703298e-4	9.627157904781396e-4	6.020725645078009e-4	0.0013651731717101104	sampconfig_m0_w1.1_d0.6_t1_mg0.99_mm1_l2e+08_i2_s15027_diversified_m1_n100	100	2D_sel_bdg	604.8724817991264
7.787022270873476e-4	7.678812668773306e-4	4.6901790608411004e-4	0.0010906820932620094	sampconfig_m0_w1.1_d0.6_t1_mg0.99_mm1_l2e+08_i2_s2971_diversified_m1_n100	100	3D_sel	622.3350677837162
6.063389296132719e-4	5.992745003050732e-4	4.077289120801731e-4	8.28970541472692e-4	sampconfig_m0_w1.1_d0.6_t1_mg0.99_mm1_l2e+08_i2_s89440_diversified_m1_n100	100	2D_sel_bdg	632.1825118012908
0.0011142799098313669	0.0010973821257866598	7.96716817328687e-4	0.001466054449112451	sampconfig_m0_w1.1_d0.6_t1_mg0.99_mm1_l2e+08_i2_s99412_diversified_m1_n100	100	2D_sel_bdg	685.9508352116103
8.65996771929774e-4	8.39113771962139e-4	5.475746812616454e-4	0.0012484575201158865	sampconfig_m0_w1.1_d0.6_t1_mg0.99_mm1_l2e+08_i3_s14393_diversified_m1_n100	100	2D_sel_bdg	632.2158616073068
6.798832630633304e-4	6.732284395974483e-4	4.712542185362212e-4	8.996314646415209e-4	sampconfig_m0_w1.1_d0.6_t1_mg0.99_mm1_l2e+08_i3_s27741_diversified_m1_n100	100	2D_sel_bdg	724.4351295168028
8.194713850833074e-4	7.991806890727125e-4	4.7798698199981297e-4	0.0011894617135393738	sampconfig_m0_w1.1_d0.6_t1_mg0.99_mm1_l2e+08_i3_s57382_diversified_m1_n100	100	3D_sel	207.2687724337853
7.163594729960401e-4	6.813765540559778e-4	4.147353105304316e-4	0.0011045922285759563	sampconfig_m0_w1.1_d0.6_t1_mg0.99_mm1_l2e+08_i3_s72205_diversified_m1_n100	100	2D_sel_bdg	275.7653615687044
9.477556926344733e-4	9.324255623037522e-4	6.540706017524011e-4	0.001276907578664423	sampconfig_m0_w1.1_d0.6_t1_mg0.99_mm1_l2e+08_i4_s25147_diversified_m1_n100	100	2D_sel_bdg	612.2722519355111
7.852747105912819e-4	7.770704623674093e-4	5.406906888811525e-4	0.0010420827474692722	sampconfig_m0_w1.1_d0.6_t1_mg0.99_mm1_l2e+08_i4_s3029_diversified_m1_n100	100	2D_sel_bdg	997.8652630656615
8.06954817934769e-4	7.90222529300389e-4	4.940648368191487e-4	0.0011535794818629313	sampconfig_m0_w1.1_d0.6_t1_mg0.99_mm1_l2e+08_i4_s92105_diversified_m1_n100	100	2D_sel_bdg	789.1841453830327
5.792438656129153e-4	5.693515006923499e-4	3.678372900458825e-4	8.082907120628754e-4	sampconfig_m0_w1.1_d0.6_t1_mg0.99_mm1_l2e+08_i5_s25979_diversified_m1_n100	100	2D_sel_bdg	1232.188660235048
6.569378481321446e-4	6.492711775620511e-4	4.580680648364271e-4	8.632379803644438e-4	sampconfig_m0_w1.1_d0.6_t1_mg0.99_mm1_l2e+08_i5_s2714_diversified_m1_n100	100	2D_sel_bdg	945.0719907338516
4.5513668810261203e-4	4.433814471668e-4	2.7113056090993337e-4	6.550416144155244e-4	sampconfig_m0_w1.1_d0.6_t1_mg0.99_mm1_l2e+08_i5_s27621_diversified_m1_n100	100	2D_sel_bdg	873.0404812676843
5.421970327816898e-4	5.332056300672704e-4	3.602120124705879e-4	7.381012852943064e-4	sampconfig_m0_w1.1_d0.6_t1_mg0.99_mm1_l2e+08_i6_s41749_diversified_m1_n100	100	2D_sel_bdg	553.8204583780573
0.0010214442587003628	0.001012513170444808	7.239884771116723e-4	0.001341594000105154	sampconfig_m0_w1.1_d0.6_t1_mg0.99_mm1_l2e+08_i6_s71019_diversified_m1_n100	100	2D_sel_bdg	699.5696187854192
7.709239471736352e-4	7.554780006844908e-4	4.609110642044324e-4	0.0011066324503204495	sampconfig_m0_w1.1_d0.6_t1_mg0.99_mm1_l2e+08_i6_s72471_diversified_m1_n100	100	3D_sel	1036.710188825578
7.172414108329416e-4	7.005737796018655e-4	4.347411653222086e-4	0.0010286311075190843	sampconfig_m0_w1.1_d0.6_t1_mg0.99_mm1_l2e+08_i6_s75523_diversified_m1_n100	100	2D_sel_bdg	873.2632732733509
0.0011514038759443054	0.0011409959355311132	7.554725504675518e-4	0.0015479779386576341	sampconfig_m0_w1.1_d0.6_t1_mg0.99_mm1_l2e+08_i7_s15570_diversified_m1_n100	100	2D_sel_bdg	626.4786842375227
7.970354761867515e-4	7.881809464164319e-4	5.579964005731477e-4	0.0010436913440422602	sampconfig_m0_w1.1_d0.6_t1_mg0.99_mm1_l2e+08_i7_s29878_diversified_m1_n100	100	2D_sel_bdg	704.8271820469758
5.552806736672242e-4	5.451630742024755e-4	2.4388459063966498e-4	8.768205206464103e-4	sampconfig_m0_w1.1_d0.6_t1_mg0.99_mm1_l2e+08_i7_s63085_diversified_m1_n100	100	3D_sel	1980.6358366721072
7.15266182193534e-4	7.044382706960679e-4	5.026834998757803e-4	9.555974036163043e-4	sampconfig_m0_w1.1_d0.6_t1_mg0.99_mm1_l2e+08_i7_s88616_diversified_m1_n100	100	2D_sel_bdg	841.6411939238595
8.039844867396153e-4	7.849657872704436e-4	5.212958295455724e-4	0.0011157384849209398	sampconfig_m0_w1.1_d0.6_t1_mg0.99_mm1_l2e+08_i8_s2662_diversified_m1_n100	100	2D_sel_bdg	589.8291588012013
0.001062248605369463	0.00104462029640939	7.279544893674687e-4	0.0014392823763133692	sampconfig_m0_w1.1_d0.6_t1_mg0.99_mm1_l2e+08_i8_s32679_diversified_m1_n100	100	2D_sel_bdg	651.4548384619158
7.35117924596502e-4	7.253643943394592e-4	4.922368764678265e-4	0.0010046448445124188	sampconfig_m0_w1.1_d0.6_t1_mg0.99_mm1_l2e+08_i8_s69890_diversified_m1_n100	100	2D_sel_bdg	498.1432649491336
4.8123956330430793e-4	4.719255644915581e-4	1.1845471507668454e-4	8.438613605492805e-4	sampconfig_m0_w1.1_d0.6_t1_mg0.99_mm1_l2e+08_i8_s85248_diversified_m1_n100	100	3D_sel	561.7423042773116
5.133626324386271e-4	5.049321403228214e-4	3.0193673392855903e-4	7.347102481619304e-4	sampconfig_m0_w1.1_d0.7_t1_mg0.99_mm1_l2e+08_i1_s20287_diversified_m1_n100	100	2D_sel_bdg	471.0697245170573
8.230584712219899e-4	8.112499369472919e-4	5.426846178165391e-4	0.001132312946371627	sampconfig_m0_w1.1_d0.7_t1_mg0.99_mm1_l2e+08_i1_s25431_diversified_m1_n100	100	2D_sel_bdg	634.1703544763067
7.024087321897569e-4	6.93475023523734e-4	4.548750992366456e-4	9.655467255220316e-4	sampconfig_m0_w1.1_d0.7_t1_mg0.99_mm1_l2e+08_i1_s31749_diversified_m1_n100	100	2D_sel_bdg	651.8841450428741
8.504379481955563e-4	8.366665472440739e-4	5.627219353327173e-4	0.0011802937463285129	sampconfig_m0_w1.1_d0.7_t1_mg0.99_mm1_l2e+08_i1_s35515_diversified_m1_n100	100	2D_sel_bdg	413.9660024807353
5.285742825303232e-4	5.176631350276779e-4	3.1556256677445053e-4	7.617513467742224e-4	sampconfig_m0_w1.1_d0.7_t1_mg0.99_mm1_l2e+08_i2_s34236_diversified_m1_n100	100	2D_sel_bdg	384.49269185271095
7.757900392125487e-4	7.65635757853554e-4	5.256493747694509e-4	0.0010402597271501237	sampconfig_m0_w1.1_d0.7_t1_mg0.99_mm1_l2e+08_i2_s77065_diversified_m1_n100	100	2D_sel_bdg	354.9504726477864
6.88301130320843e-4	6.8604639473573e-4	4.53954668049824e-4	9.493628688383841e-4	sampconfig_m0_w1.1_d0.7_t1_mg0.99_mm1_l2e+08_i2_s94529_diversified_m1_n100	100	2D_sel_bdg	414.47785694707255
5.744345404359282e-4	5.653106773054091e-4	3.794688315630518e-4	7.869290517356722e-4	sampconfig_m0_w1.1_d0.7_t1_mg0.99_mm1_l2e+08_i3_s1059_diversified_m1_n100	100	2D_sel_bdg	598.0816014563403
5.748473536001896e-4	5.689314714884502e-4	3.7825381090220384e-4	7.800964127738122e-4	sampconfig_m0_w1.1_d0.7_t1_mg0.99_mm1_l2e+08_i3_s28466_diversified_m1_n100	100	2D_sel_bdg	588.3392762640162
3.516546463252502e-4	3.392186755101299e-4	1.497156796453423e-4	5.84705386196753e-4	sampconfig_m0_w1.1_d0.7_t1_mg0.99_mm1_l2e+08_i3_s55145_diversified_m1_n100	100	2D_sel_bdg	604.050460523558
7.261760247909401e-4	7.07373380334581e-4	4.370369821856888e-4	0.0010466158513244399	sampconfig_m0_w1.1_d0.7_t1_mg0.99_mm1_l2e+08_i4_s32302_diversified_m1_n100	100	2D_sel_bdg	658.5890781661475
5.219764280951501e-4	5.111771053292937e-4	3.030528432785049e-4	8.228993216524039e-4	sampconfig_m0_w1.1_d0.7_t1_mg0.99_mm1_l2e+08_i4_s37624_diversified_m1_n100	100	2D_sel_bdg	447.5598067662074
6.947157873232692e-4	6.842939991276713e-4	3.9771024003894327e-4	9.985440631389841e-4	sampconfig_m0_w1.1_d0.7_t1_mg0.99_mm1_l2e+08_i4_s61434_diversified_m1_n100	100	2D_sel_bdg	540.7877720854
5.695388036374925e-4	5.58673155590442e-4	3.765779435006291e-4	7.849464584718934e-4	sampconfig_m0_w1.1_d0.7_t1_mg0.99_mm1_l2e+08_i5_s15112_diversified_m1_n100	100	2D_sel_bdg	717.578803206751
3.4688233717789933e-4	3.417739910495128e-4	1.8276708709025723e-4	5.246045928180947e-4	sampconfig_m0_w1.1_d0.7_t1_mg0.99_mm1_l2e+08_i5_s26999_diversified_m1_n100	100	2D_sel_bdg	340.62196525579424
4.3641236737970425e-4	4.2819108282554706e-4	2.2059846395794478e-4	6.695496480944444e-4	sampconfig_m0_w1.1_d0.7_t1_mg0.99_mm1_l2e+08_i5_s37299_diversified_m1_n100	100	2D_sel_bdg	1130.5445432743647
8.509400710076259e-4	8.368664771470212e-4	5.485866486982399e-4	0.0011809176473531128	sampconfig_m0_w1.1_d0.7_t1_mg0.99_mm1_l2e+08_i6_s58929_diversified_m1_n100	100	2D_sel_bdg	607.087703671025
-0.0011421066275505245	-0.0011205947267038377	-0.0015495510761192087	-8.103877622161068e-4	sampconfig_m0_w1.1_d0.7_t1_mg0.99_mm1_l2e+08_i6_s80061_diversified_m1_n100	100	2D_sel_bdg	84.47785926228507
4.2370680019222226e-4	4.168587112849e-4	2.642267064729071e-4	5.910012366847238e-4	sampconfig_m0_w1.1_d0.7_t1_mg0.99_mm1_l2e+08_i6_s88154_diversified_m1_n100	100	2D_sel_bdg	683.9868495000372
7.959259552503528e-4	7.792035121609914e-4	5.043328604020975e-4	0.0011182374659970942	sampconfig_m0_w1.1_d0.7_t1_mg0.99_mm1_l2e+08_i7_s65477_diversified_m1_n100	100	2D_sel_bdg	533.2705749616812
-0.001855781728680261	-0.0018051798819843019	-0.0027361904365784465	-0.0011589746280270406	sampconfig_m0_w1.1_d0.7_t1_mg0.99_mm1_l2e+08_i7_s80150_diversified_m1_n100	100	2D_sel_bdg	75.38984903660128
8.08800601406578e-4	7.985244467524791e-4	5.202718228057336e-4	0.0011041223903162061	sampconfig_m0_w1.1_d0.7_t1_mg0.99_mm1_l2e+08_i7_s95375_diversified_m1_n100	100	2D_sel_bdg	542.6635763142123
6.352329274703143e-4	6.286686104956834e-4	3.828029474801475e-4	8.90978151482473e-4	sampconfig_m0_w1.1_d0.7_t1_mg0.99_mm1_l2e+08_i8_s65779_diversified_m1_n100	100	2D_sel_bdg	386.21945874760587
6.793727554932186e-4	6.669927827475455e-4	4.5251280962566465e-4	9.252316879915488e-4	sampconfig_m0_w1.1_d0.7_t1_mg0.99_mm1_l2e+08_i8_s68616_diversified_m1_n100	100	2D_sel_bdg	682.2781064662956
4.8711461846264804e-4	4.813168829794561e-4	3.240440566802032e-4	6.635973380520559e-4	sampconfig_m0_w1.1_d0.7_t1_mg0.99_mm1_l2e+08_i8_s91991_diversified_m1_n100	100	2D_sel_bdg	727.0393172219111
4.805812879165123e-4	4.7328074449981127e-4	2.1731917611336358e-4	7.563108162453823e-4	sampconfig_m0_w1.1_d0.8_t1_mg0.99_mm1_l2e+08_i1_s20848_diversified_m1_n100	100	3D_sel	1791.65796979392
4.0906231922521464e-4	4.0189766344272515e-4	2.284315856035952e-4	5.941059377183964e-4	sampconfig_m0_w1.1_d0.8_t1_mg0.99_mm1_l2e+08_i1_s27521_diversified_m1_n100	100	2D_sel_bdg	377.5356892766688
3.322189849876327e-5	8.625731199201898e-4	-0.0028537710149564364	0.001378510281905742	sampconfig_m0_w1.1_d0.8_t1_mg0.99_mm1_l2e+08_i1_s65294_diversified_m1_n100	100	3D_sel	31.010964534587224
3.2075518756120885e-4	3.151737150035084e-4	1.789124235632019e-4	4.818466673169666e-4	sampconfig_m0_w1.1_d0.8_t1_mg0.99_mm1_l2e+08_i1_s71410_diversified_m1_n100	100	2D_sel_bdg	493.55202849703056
4.3821024949012915e-4	4.4006481715895475e-4	1.8663158000448263e-4	7.233854745255653e-4	sampconfig_m0_w1.1_d0.8_t1_mg0.99_mm1_l2e+08_i1_s8130_diversified_m1_n100	100	3D_sel	257.4631576771106
2.9949231630806535e-4	2.9411615529835445e-4	1.38537971567847e-4	4.6558620442819316e-4	sampconfig_m0_w1.1_d0.8_t1_mg0.99_mm1_l2e+08_i1_s9115_diversified_m1_n100	100	2D_sel_bdg	617.7753514459613
4.3938450097592586e-4	4.335727389540667e-4	2.7029499295743906e-4	6.191589963833912e-4	sampconfig_m0_w1.1_d0.8_t1_mg0.99_mm1_l2e+08_i1_s92288_diversified_m1_n100	100	2D_sel_bdg	421.88756413868214
0.002789344195979627	0.002688531510932265	0.0020230170473589976	0.0038312544324264827	sampconfig_m0_w1.1_d0.8_t1_mg0.99_mm1_l2e+08_i2_s1625_diversified_m1_n100	100	2D_sel_bdg	13.741799870978895
3.470355307053628e-4	3.237963420736243e-4	1.5118336016861395e-4	5.265207151146179e-4	sampconfig_m0_w1.1_d0.8_t1_mg0.99_mm1_l2e+08_i2_s34485_diversified_m1_n100	100	2D_sel_bdg	184.78264209993372
7.367366852020614e-4	7.246116337595422e-4	4.938304805386252e-4	9.999397958525172e-4	sampconfig_m0_w1.1_d0.8_t1_mg0.99_mm1_l2e+08_i2_s57657_diversified_m1_n100	100	2D_sel_bdg	342.3006066451211
4.053990177029441e-4	3.987605790225165e-4	1.5628217335347653e-4	6.678866572899875e-4	sampconfig_m0_w1.1_d0.8_t1_mg0.99_mm1_l2e+08_i2_s6307_diversified_m1_n100	100	3D_sel	1062.19958887447
2.2201365058898182e-4	2.1836423537384539e-4	2.4892564575108985e-5	4.24966849896486e-4	sampconfig_m0_w1.1_d0.8_t1_mg0.99_mm1_l2e+08_i3_s18011_diversified_m1_n100	100	3D_sel	953.2470512161176
4.155400860834857e-4	4.0494632961464796e-4	2.1890164590936166e-4	6.340171841724904e-4	sampconfig_m0_w1.1_d0.8_t1_mg0.99_mm1_l2e+08_i3_s30443_diversified_m1_n100	100	2D_sel_bdg	503.6696463918136
2.3810718631214628e-4	3.8113079836461046e-4	-0.0012536615526163911	6.547219942594443e-4	sampconfig_m0_w1.1_d0.8_t1_mg0.99_mm1_l2e+08_i3_s57390_diversified_m1_n100	100	2D_sel_bdg	56.99070009155639
7.178261323709114e-4	7.066200149140212e-4	4.5195224698229685e-4	0.0010068682273970408	sampconfig_m0_w1.1_d0.8_t1_mg0.99_mm1_l2e+08_i3_s77935_diversified_m1_n100	100	2D_sel_bdg	418.73712752485824
5.418242754049667e-4	5.332432282335758e-4	3.4189237368972586e-4	7.417871591882444e-4	sampconfig_m0_w1.1_d0.8_t1_mg0.99_mm1_l2e+08_i4_s19218_diversified_m1_n100	100	2D_sel_bdg	327.27216963941163
7.578297525075232e-4	7.406376365700504e-4	4.886349236674999e-4	0.0010629901864283222	sampconfig_m0_w1.1_d0.8_t1_mg0.99_mm1_l2e+08_i4_s21145_diversified_m1_n100	100	2D_sel_bdg	387.8746260480363
7.617463760901798e-4	7.456652571304295e-4	4.4154888604779324e-4	0.001108733065131725	sampconfig_m0_w1.1_d0.8_t1_mg0.99_mm1_l2e+08_i4_s59255_diversified_m1_n100	100	2D_sel_bdg	608.4757463895909
-2.0124509442684077e-4	2.0601424271134497e-4	-0.0023477135467240983	5.993534373229868e-4	sampconfig_m0_w1.1_d0.8_t1_mg0.99_mm1_l2e+08_i4_s95189_diversified_m1_n100	100	3D_sel	49.47561118738747
7.120919753542027e-4	7.024317425173937e-4	3.9373345848826174e-4	0.0010513233075575418	sampconfig_m0_w1.1_d0.8_t1_mg0.99_mm1_l2e+08_i5_s15346_diversified_m1_n100	100	3D_sel	401.1839508403861
3.4178041281620843e-4	2.586680907263105e-4	5.6801876718415734e-5	5.193092325804344e-4	sampconfig_m0_w1.1_d0.8_t1_mg0.99_mm1_l2e+08_i5_s27240_diversified_m1_n100	100	2D_sel_bdg	49.943266880043346
6.293962554945209e-4	6.18413224601012e-4	4.1567001989896565e-4	8.667538548283672e-4	sampconfig_m0_w1.1_d0.8_t1_mg0.99_mm1_l2e+08_i5_s59050_diversified_m1_n100	100	2D_sel_bdg	299.2325816007602
4.314217884028123e-4	7.627590130255138e-4	-0.001654566224270697	0.0012189069063758171	sampconfig_m0_w1.1_d0.8_t1_mg0.99_mm1_l2e+08_i5_s72448_diversified_m1_n100	100	2D_sel_bdg	29.210982072560167
4.779002790090161e-4	4.615362324012363e-4	1.7759485765131357e-4	8.078544108284351e-4	sampconfig_m0_w1.1_d0.8_t1_mg0.99_mm1_l2e+08_i6_s70790_diversified_m1_n100	100	3D_sel	422.5717566403426
0.0014969815755832535	8.977258752514822e-4	5.129602507690525e-4	0.0036291972295841926	sampconfig_m0_w1.1_d0.8_t1_mg0.99_mm1_l2e+08_i6_s74637_diversified_m1_n100	100	2D_sel_bdg	18.223664215523637
7.230838929072978e-4	7.081209747162829e-4	4.4122427755650387e-4	0.0010301186759085887	sampconfig_m0_w1.1_d0.8_t1_mg0.99_mm1_l2e+08_i6_s78600_diversified_m1_n100	100	2D_sel_bdg	265.9145626078702
7.32745667595389e-4	7.204890915305149e-4	4.896121677644347e-4	0.0010006947800823057	sampconfig_m0_w1.1_d0.8_t1_mg0.99_mm1_l2e+08_i6_s93323_diversified_m1_n100	100	2D_sel_bdg	414.5483848600164
8.86412658518315e-4	8.488519406252869e-4	4.43116655978668e-4	0.0013747026804571477	sampconfig_m0_w1.1_d0.8_t1_mg0.99_mm1_l2e+08_i7_s12984_diversified_m1_n100	100	3D_sel	217.31148833785778
-0.0024008259468756023	-0.002418130986337342	-0.0028519110678574978	-0.0018537339573818376	sampconfig_m0_w1.1_d0.8_t1_mg0.99_mm1_l2e+08_i7_s15517_diversified_m1_n100	100	2D_sel_bdg	17.739040057414037
3.2365954792288145e-4	3.1803597782558953e-4	1.5348743173507857e-4	5.064760852844939e-4	sampconfig_m0_w1.1_d0.8_t1_mg0.99_mm1_l2e+08_i7_s27521_diversified_m1_n100	100	2D_sel_bdg	677.1798858008236
4.289678998382162e-4	4.176881854598824e-4	2.2742821152186557e-4	6.471252273661701e-4	sampconfig_m0_w1.1_d0.8_t1_mg0.99_mm1_l2e+08_i7_s8856_diversified_m1_n100	100	2D_sel_bdg	308.16057776886714
4.7811792603762686e-4	4.777013031563035e-4	2.2566013327847845e-4	7.598456094400215e-4	sampconfig_m0_w1.1_d0.8_t1_mg0.99_mm1_l2e+08_i8_s22269_diversified_m1_n100	100	3D_sel	444.2546380425639
0.0053335411819599755	0.005727483171636777	0.00241265712903763	0.007183189348519975	sampconfig_m0_w1.1_d0.8_t1_mg0.99_mm1_l2e+08_i8_s49979_diversified_m1_n100	100	2D_sel_bdg	10.625721503111173
2.697903289521201e-4	2.646654921455221e-4	9.45789183353959e-5	4.552088646706954e-4	sampconfig_m0_w1.1_d0.8_t1_mg0.99_mm1_l2e+08_i8_s52540_diversified_m1_n100	100	2D_sel_bdg	468.5574138379929
6.353108121931425e-4	6.265431677697233e-4	4.1908314570846656e-4	8.625613640821418e-4	sampconfig_m0_w1.1_d0.8_t1_mg0.99_mm1_l2e+08_i8_s97992_diversified_m1_n100	100	2D_sel_bdg	339.52487478038404
0.002614640822173841	0.0025861468880761856	0.0018210066764330725	0.0034742919961209115	sampconfig_m0_w1.1_d0_t1_mg0.99_mm1_l2e+08_i1_s17803_diversified_m1_n100	100	3D_sel	217.39053094064076
0.004890736149959468	0.004844135902338283	0.003927805556088402	0.0059369211780484045	sampconfig_m0_w1.1_d0_t1_mg0.99_mm1_l2e+08_i1_s31491_diversified_m1_n100	100	2D_sel_bdg	174.1576387677857
0.003204120747909197	0.0031802607218254725	0.002554864877746735	0.003912344845180653	sampconfig_m0_w1.1_d0_t1_mg0.99_mm1_l2e+08_i1_s48867_diversified_m1_n100	100	2D_sel_bdg	225.71205076934777
0.0021011018063231655	0.0020699763248417007	0.00144654798143089	0.0028198107026576784	sampconfig_m0_w1.1_d0_t1_mg0.99_mm1_l2e+08_i1_s49939_diversified_m1_n100	100	3D_sel	1239.399005680704
0.0047654883307927266	0.00472090447212829	0.0038787218608995508	0.005704001417077209	sampconfig_m0_w1.1_d0_t1_mg0.99_mm1_l2e+08_i1_s53699_diversified_m1_n100	100	2D_sel_bdg	278.08480415348055
0.004529511606178451	0.004506722941326917	0.003814555876149737	0.005270355014934137	sampconfig_m0_w1.1_d0_t1_mg0.99_mm1_l2e+08_i1_s56527_diversified_m1_n100	100	2D_sel_bdg	668.296723919976
0.001878522599634935	0.0018556555468830264	0.0013694378477832974	0.0024386420516991723	sampconfig_m0_w1.1_d0_t1_mg0.99_mm1_l2e+08_i1_s7021_diversified_m1_n100	100	3D_sel	454.70447379962684
0.0025856793130946813	0.0025542367253838147	0.001900185821777713	0.0033437830522301242	sampconfig_m0_w1.1_d0_t1_mg0.99_mm1_l2e+08_i2_s47298_diversified_m1_n100	100	3D_sel	252.48890577478147
0.006115874141259931	0.006098488662005603	0.004796431240826399	0.00741047790383706	sampconfig_m0_w1.1_d0_t1_mg0.99_mm1_l2e+08_i2_s48057_diversified_m1_n100	100	2D_sel_bdg	134.83726324963052
0.006061079749623175	0.0060356446601634774	0.005105013934498288	0.007046543244808869	sampconfig_m0_w1.1_d0_t1_mg0.99_mm1_l2e+08_i2_s79258_diversified_m1_n100	100	2D_sel_bdg	698.7529911046826
0.005627498436985763	0.0055947480484915026	0.004607124406757034	0.006701357554296219	sampconfig_m0_w1.1_d0_t1_mg0.99_mm1_l2e+08_i2_s84933_diversified_m1_n100	100	2D_sel_bdg	78.54802692905261
0.0030562992905920393	0.0030289676878430226	0.002183320490294409	0.0039892874216260745	sampconfig_m0_w1.1_d0_t1_mg0.99_mm1_l2e+08_i3_s11982_diversified_m1_n100	100	3D_sel	404.5721224786914
0.005247425986614667	0.005301953742640235	0.003810525869100332	0.006540048831671721	sampconfig_m0_w1.1_d0_t1_mg0.99_mm1_l2e+08_i3_s12222_diversified_m1_n100	100	2D_sel_bdg	88.209893661194
0.006319268496567811	0.006318610980264221	0.005164859828800842	0.007428261722943073	sampconfig_m0_w1.1_d0_t1_mg0.99_mm1_l2e+08_i3_s73938_diversified_m1_n100	100	2D_sel_bdg	52.62003389212248
0.0035755097910355168	0.003275327338377389	0.002497941292209244	0.005456490331880727	sampconfig_m0_w1.1_d0_t1_mg0.99_mm1_l2e+08_i3_s94367_diversified_m1_n100	100	2D_sel_bdg	24.167566282411883
0.008836327667606007	0.008850200540921798	0.00700696603145122	0.0107825563498988	sampconfig_m0_w1.1_d0_t1_mg0.99_mm1_l2e+08_i4_s28366_diversified_m1_n100	100	2D_sel_bdg	92.3426401472694
0.0044272105775009524	0.004036749939260619	0.003252133846126362	0.006227424382213021	sampconfig_m0_w1.1_d0_t1_mg0.99_mm1_l2e+08_i4_s36906_diversified_m1_n100	100	2D_sel_bdg	28.376430944459514
0.004510542514784419	0.004157344579584345	0.0033729379479325097	0.006265624786515071	sampconfig_m0_w1.1_d0_t1_mg0.99_mm1_l2e+08_i4_s82274_diversified_m1_n100	100	2D_sel_bdg	34.04689689138671
0.0030519863614981357	0.0030211096664931074	0.002108682454631387	0.003999011351724091	sampconfig_m0_w1.1_d0_t1_mg0.99_mm1_l2e+08_i4_s94984_diversified_m1_n100	100	3D_sel	223.66375130151846
0.003579095144030172	0.003563340410355797	0.0029693262863331325	0.004183007524251879	sampconfig_m0_w1.1_d0_t1_mg0.99_mm1_l2e+08_i5_s19959_diversified_m1_n100	100	2D_sel_bdg	785.2983932609338
0.006213084577858355	0.006253068396077815	0.004349797559115865	0.007843104073236629	sampconfig_m0_w1.1_d0_t1_mg0.99_mm1_l2e+08_i5_s46784_diversified_m1_n100	100	2D_sel_bdg	9.267830570017699
0.0028022647457692108	0.0027805827484002	0.0019758034522243183	0.0036504809867439637	sampconfig_m0_w1.1_d0_t1_mg0.99_mm1_l2e+08_i5_s53759_diversified_m1_n100	100	3D_sel	628.3166222930223
0.00472671067798288	0.004698667971595707	0.003790567826924233	0.005748003206650931	sampconfig_m0_w1.1_d0_t1_mg0.99_mm1_l2e+08_i5_s71448_diversified_m1_n100	100	2D_sel_bdg	45.33355427686045
0.0045972160691670405	0.0045054041680718	0.0035329830701035644	0.005815445132653265	sampconfig_m0_w1.1_d0_t1_mg0.99_mm1_l2e+08_i6_s49427_diversified_m1_n100	100	2D_sel_bdg	134.14976338748937
0.0057214181853702415	0.00568471046680748	0.004611896049257479	0.006867748455294623	sampconfig_m0_w1.1_d0_t1_mg0.99_mm1_l2e+08_i6_s59393_diversified_m1_n100	100	2D_sel_bdg	90.08149857300914
0.0022298545563895597	0.0021597076175206504	0.0013503815985935331	0.0032338813084588254	sampconfig_m0_w1.1_d0_t1_mg0.99_mm1_l2e+08_i6_s6256_diversified_m1_n100	100	3D_sel	84.3920472515999
0.004860122158259044	0.004821488445968884	0.004023315670123624	0.0058077191692512565	sampconfig_m0_w1.1_d0_t1_mg0.99_mm1_l2e+08_i6_s8840_diversified_m1_n100	100	2D_sel_bdg	229.94135024584554
0.005875721728853566	0.005916492139097134	0.004460557207438065	0.007216240602671616	sampconfig_m0_w1.1_d0_t1_mg0.99_mm1_l2e+08_i7_s26199_diversified_m1_n100	100	2D_sel_bdg	104.60317177770918
0.004732732494471815	0.004725557613986457	0.0034178281084944694	0.006004210196710607	sampconfig_m0_w1.1_d0_t1_mg0.99_mm1_l2e+08_i7_s81393_diversified_m1_n100	100	2D_sel_bdg	69.63985960852342
0.005419004110511644	0.005387890391930405	0.004475622814226349	0.006445548576242978	sampconfig_m0_w1.1_d0_t1_mg0.99_mm1_l2e+08_i7_s89721_diversified_m1_n100	100	2D_sel_bdg	26.132177796013465
0.002822763903528068	0.002798663756689599	0.0018787015464681	0.0037542452708282225	sampconfig_m0_w1.1_d0_t1_mg0.99_mm1_l2e+08_i7_s91575_diversified_m1_n100	100	3D_sel	207.9783727070557
0.005097277087476017	0.005054786149345999	0.0040073248756726035	0.006256116774526181	sampconfig_m0_w1.1_d0_t1_mg0.99_mm1_l2e+08_i8_s25186_diversified_m1_n100	100	2D_sel_bdg	148.54201596051143
0.0027518034797994746	0.002702116331639314	0.0018287168005301098	0.0037861844351442064	sampconfig_m0_w1.1_d0_t1_mg0.99_mm1_l2e+08_i8_s44398_diversified_m1_n100	100	3D_sel	203.77515118648006
0.004220559579105334	0.0038577299821629363	0.0029085104060672354	0.007684523228975776	sampconfig_m0_w1.1_d0_t1_mg0.99_mm1_l2e+08_i8_s49085_diversified_m1_n100	100	2D_sel_bdg	18.63263977989829
0.004686879202126856	0.0046589619614951045	0.003565668337128556	0.005845274253986986	sampconfig_m0_w1.1_d0_t1_mg0.99_mm1_l2e+08_i8_s66202_diversified_m1_n100	100	2D_sel_bdg	91.72047452698175
0.0021395691413432774	0.002116071830407953	0.001600364110989885	0.0027193931619210092	sampconfig_m0_w1_d0.2_t1_mg1_mm0.99_l2e+08_i1_s10409_diversified_m1_n100	100	2D_sel_bdg_deleterious	242.40192524302267
0.0022423757643729725	0.002118290749678841	0.0014828302560075985	0.003370029122768747	sampconfig_m0_w1_d0.2_t1_mg1_mm0.99_l2e+08_i1_s18812_diversified_m1_n100	100	2D_sel_bdg_deleterious	201.7740100532213
0.003240132075223519	0.0032086109376133166	0.0024866977546388457	0.004057628292579954	sampconfig_m0_w1_d0.2_t1_mg1_mm0.99_l2e+08_i1_s91485_diversified_m1_n100	100	2D_sel_bdg_deleterious	352.16964371741733
0.0025098849071132144	0.001887999458539134	0.0013029535726220096	0.003630592879881067	sampconfig_m0_w1_d0.2_t1_mg1_mm0.99_l2e+08_i2_s2218_diversified_m1_n100	100	2D_sel_bdg_deleterious	12.194162812088898
0.0027472339131777474	0.002715449897766159	0.0021636444184314576	0.003391790506828167	sampconfig_m0_w1_d0.2_t1_mg1_mm0.99_l2e+08_i3_s17997_diversified_m1_n100	100	2D_sel_bdg_deleterious	435.23915395736327
0.0022489407442730187	0.0022083502735323916	0.0016070309710119243	0.0029729252729649856	sampconfig_m0_w1_d0.2_t1_mg1_mm0.99_l2e+08_i4_s82983_diversified_m1_n100	100	2D_sel_bdg_deleterious	498.9241014142049
0.0026099789621091296	0.0025983786506864753	0.0019463138924155116	0.0032864215710040052	sampconfig_m0_w1_d0.2_t1_mg1_mm0.99_l2e+08_i5_s44208_diversified_m1_n100	100	2D_sel_bdg_deleterious	245.2411378162834
0.001827135222590678	0.001807842709429772	0.0013660996953824968	0.0023252971427041268	sampconfig_m0_w1_d0.2_t1_mg1_mm0.99_l2e+08_i6_s41_diversified_m1_n100	100	2D_sel_bdg_deleterious	391.0842075154279
0.00233302725532273	0.002303646756429795	0.001761904372388069	0.002954054738694654	sampconfig_m0_w1_d0.2_t1_mg1_mm0.99_l2e+08_i7_s2164_diversified_m1_n100	100	2D_sel_bdg_deleterious	858.4606552863472
0.002346680443934259	0.0023159070365605756	0.0017965355115900923	0.0029449028263244387	sampconfig_m0_w1_d0.2_t1_mg1_mm0.99_l2e+08_i8_s37703_diversified_m1_n100	100	2D_sel_bdg_deleterious	246.9843647243573
0.001621097725557776	0.0015476979588011832	0.0010769854212699737	0.002352081159418563	sampconfig_m0_w1_d0.2_t1_mg1_mm1_l2e+08_i1_s11652_diversified_m1_n100	100	2D_neut_bdg_motility	270.03355770409974
0.002781825648168914	0.00276477063776673	0.0019277820637679233	0.003620136690383835	sampconfig_m0_w1_d0.2_t1_mg1_mm1_l2e+08_i1_s15745_diversified_m1_n100	100	2D_neut_bdg_sigmoid	286.98270422187136
0.002615203915982324	0.0026365231960943955	0.0016902625261914605	0.0034594663483393682	sampconfig_m0_w1_d0.2_t1_mg1_mm1_l2e+08_i1_s4522_diversified_m1_n100	100	2D_neut_bdg_motility	143.23789784673454
0.0021202213303817136	0.0020953010480667103	0.0016447635845440324	0.0026312732800792362	sampconfig_m0_w1_d0.2_t1_mg1_mm1_l2e+08_i1_s8001_diversified_m1_n100	100	2D_neut_bdg_motility	465.98223945417124
6.77246926076041e-4	6.663825780301981e-4	4.965175356529489e-4	8.781946406439934e-4	sampconfig_m0_w1_d0.2_t1_mg1_mm1_l2e+08_i1_s81831_diversified_m1_n100	100	2D_neut_bdg_usecarryingcapacity	564.0074412362054
0.0025781902831898927	0.002549440069165704	0.0019187687878259507	0.0032269598796877902	sampconfig_m0_w1_d0.2_t1_mg1_mm1_l2e+08_i1_s81842_diversified_m1_n100	100	2D_neut_bdg_sigmoid	211.56728510910878
0.0016307925479836763	0.0016120885871767846	0.0012567762051506766	0.0020408842477854794	sampconfig_m0_w1_d0.2_t1_mg1_mm1_l2e+08_i1_s82181_diversified_m1_n100	100	2D_neut_bdg_sigmoid	1371.522272244556
0.0029707264238004543	0.002927163297857382	0.002321188453413555	0.003705628822654338	sampconfig_m0_w1_d0.2_t1_mg1_mm1_l2e+08_i2_s11207_diversified_m1_n100	100	2D_neut_bdg_motility	227.07167828185123
0.002343851852471882	0.002305078529495083	0.0017026858239005773	0.0030186687703538297	sampconfig_m0_w1_d0.2_t1_mg1_mm1_l2e+08_i2_s19907_diversified_m1_n100	100	2D_neut_bdg_sigmoid	212.44215878883762
7.945398003553224e-4	7.853127794905554e-4	5.960664290848839e-4	0.001001615694071019	sampconfig_m0_w1_d0.2_t1_mg1_mm1_l2e+08_i2_s38918_diversified_m1_n100	100	2D_neut_bdg_usecarryingcapacity	501.9591151312705
0.0017477115747610817	0.0017302819381789453	0.0013367786565752395	0.0021908548037474227	sampconfig_m0_w1_d0.2_t1_mg1_mm1_l2e+08_i3_s14380_diversified_m1_n100	100	2D_neut_bdg_sigmoid	1079.43761746539
7.925758198092996e-4	7.837754901487136e-4	6.011806422814898e-4	0.0010081554506507502	sampconfig_m0_w1_d0.2_t1_mg1_mm1_l2e+08_i3_s40361_diversified_m1_n100	100	2D_neut_bdg_usecarryingcapacity	519.425215937326
0.001750397520754699	0.0017182436560565866	0.001307944570561843	0.0022677418994468614	sampconfig_m0_w1_d0.2_t1_mg1_mm1_l2e+08_i3_s95549_diversified_m1_n100	100	2D_neut_bdg_motility	383.04481775285547
8.380169043792763e-4	8.042967261653409e-4	5.061623282828759e-4	0.0012330568202998464	sampconfig_m0_w1_d0.2_t1_mg1_mm1_l2e+08_i4_s27864_diversified_m1_n100	100	2D_neut_bdg_usecarryingcapacity	251.1791431031498
0.0024364155619562506	0.0023913471160344397	0.0016359386996959596	0.0033184230920126527	sampconfig_m0_w1_d0.2_t1_mg1_mm1_l2e+08_i4_s45767_diversified_m1_n100	100	2D_neut_bdg_motility	188.08981518519718
0.002576147182116922	0.0020863455813593243	0.0015971124275596608	0.0047736981649802385	sampconfig_m0_w1_d0.2_t1_mg1_mm1_l2e+08_i4_s78943_diversified_m1_n100	100	2D_neut_bdg_sigmoid	25.031158812131494
0.0018765118507946923	0.0018570359048604922	0.0014349473420370643	0.0023749368538755534	sampconfig_m0_w1_d0.2_t1_mg1_mm1_l2e+08_i5_s50164_diversified_m1_n100	100	2D_neut_bdg_sigmoid	386.956715363498
0.0031878545705462612	0.0031770001941615078	0.0023259550005183473	0.00407622764452845	sampconfig_m0_w1_d0.2_t1_mg1_mm1_l2e+08_i5_s6160_diversified_m1_n100	100	2D_neut_bdg_motility	248.3257550053611
0.0012529343267146417	0.0012309153133818148	8.363733972836434e-4	0.0017019467124498849	sampconfig_m0_w1_d0.2_t1_mg1_mm1_l2e+08_i5_s72004_diversified_m1_n100	100	2D_neut_bdg_usecarryingcapacity	212.7433504135887
0.001159012979871767	0.0011419454330298142	8.606368170606063e-4	0.0014973045048195847	sampconfig_m0_w1_d0.2_t1_mg1_mm1_l2e+08_i6_s15832_diversified_m1_n100	100	2D_neut_bdg_usecarryingcapacity	529.0495567631427
0.002503205264066857	0.0024388070699088117	0.0017301568361879178	0.003398795199682173	sampconfig_m0_w1_d0.2_t1_mg1_mm1_l2e+08_i6_s69674_diversified_m1_n100	100	2D_neut_bdg_motility	337.16094907397934
0.0023050528821222304	0.002234027969589829	0.0015192159456581325	0.0031930044765195375	sampconfig_m0_w1_d0.2_t1_mg1_mm1_l2e+08_i6_s79176_diversified_m1_n100	100	2D_neut_bdg_sigmoid	189.53540926772553
0.0022343854068257994	0.0021780265674910867	0.0015923634064910065	0.0029480079260952577	sampconfig_m0_w1_d0.2_t1_mg1_mm1_l2e+08_i7_s3157_diversified_m1_n100	100	2D_neut_bdg_motility	218.049012491988
0.002227439790900009	0.002200877747621285	0.0016869912380889384	0.0028124066010197014	sampconfig_m0_w1_d0.2_t1_mg1_mm1_l2e+08_i7_s44022_diversified_m1_n100	100	2D_neut_bdg_sigmoid	390.7380351009566
-0.0011473802735031831	-0.001114203485034427	-0.0015424701475525067	-8.418968923599652e-4	sampconfig_m0_w1_d0.2_t1_mg1_mm1_l2e+08_i7_s95791_diversified_m1_n100	100	2D_neut_bdg_usecarryingcapacity	478.839229246195
0.0022291574005219505	0.002210901129531434	0.001788530105009606	0.0027106438090838945	sampconfig_m0_w1_d0.2_t1_mg1_mm1_l2e+08_i8_s37523_diversified_m1_n100	100	2D_neut_bdg_motility	248.91222716801016
6.585760963990383e-4	6.503717271168649e-4	4.8070209375705416e-4	8.486568250623725e-4	sampconfig_m0_w1_d0.2_t1_mg1_mm1_l2e+08_i8_s50277_diversified_m1_n100	100	2D_neut_bdg_usecarryingcapacity	766.9397038006578
0.0017086172865514932	0.0015268118148266863	0.0011665905606299382	0.0028062135466581026	sampconfig_m0_w1_d0.2_t1_mg1_mm1_l2e+08_i8_s84050_diversified_m1_n100	100	2D_neut_bdg_sigmoid	76.31902149532837
0.0013887677810260214	0.0013705531398245365	0.0010214690975043463	0.0018028060115591296	sampconfig_m0_w1_d0.4_t1_mg1_mm0.99_l2e+08_i1_s57121_diversified_m1_n100	100	2D_sel_bdg_deleterious	274.16817651983513
0.0013208606066206973	0.0012976074848573588	8.94502215766194e-4	0.0018012995030141756	sampconfig_m0_w1_d0.4_t1_mg1_mm0.99_l2e+08_i1_s63189_diversified_m1_n100	100	2D_sel_bdg_deleterious	224.45255905009552
0.0012287782299274675	0.0012098049421266441	8.227333155509783e-4	0.0016794810063669142	sampconfig_m0_w1_d0.4_t1_mg1_mm0.99_l2e+08_i1_s7064_diversified_m1_n100	100	2D_sel_bdg_deleterious	433.99173918592703
0.0013477141105334412	0.0013089228523677123	8.200570480722928e-4	0.0019346668250025585	sampconfig_m0_w1_d0.4_t1_mg1_mm0.99_l2e+08_i2_s39413_diversified_m1_n100	100	2D_sel_bdg_deleterious	341.1390413534413
0.001742384215137435	0.0017140545337752324	0.0011135337572344688	0.002398038157086384	sampconfig_m0_w1_d0.4_t1_mg1_mm0.99_l2e+08_i3_s11748_diversified_m1_n100	100	2D_sel_bdg_deleterious	319.16436259135287
0.0015133389544436922	0.0014906966755571095	9.355251069549288e-4	0.002136902212575248	sampconfig_m0_w1_d0.4_t1_mg1_mm0.99_l2e+08_i4_s29104_diversified_m1_n100	100	2D_sel_bdg_deleterious	298.9930049580386
9.89631228199628e-4	9.741548743635127e-4	7.041192715469199e-4	0.0013203830869351117	sampconfig_m0_w1_d0.4_t1_mg1_mm0.99_l2e+08_i5_s23520_diversified_m1_n100	100	2D_sel_bdg_deleterious	289.32205343369793
0.0017379813734143565	0.0017250825610654924	0.0010976229493900858	0.0024117418921694523	sampconfig_m0_w1_d0.4_t1_mg1_mm0.99_l2e+08_i6_s25481_diversified_m1_n100	100	2D_sel_bdg_deleterious	214.64585266303177
0.0012529122143117033	0.0013824631025738973	-7.62997106001822e-4	0.001879419783686339	sampconfig_m0_w1_d0.4_t1_mg1_mm0.99_l2e+08_i7_s61065_diversified_m1_n100	100	2D_sel_bdg_deleterious	146.98420248881794
9.650848451527279e-4	9.361825053998565e-4	6.152308124250997e-4	0.0013709100902543764	sampconfig_m0_w1_d0.4_t1_mg1_mm0.99_l2e+08_i8_s25706_diversified_m1_n100	100	2D_sel_bdg_deleterious	346.0770444740016
0.0011774066120360173	0.0011537261663934284	7.793540709458876e-4	0.0016247981703069853	sampconfig_m0_w1_d0.4_t1_mg1_mm1_l2e+08_i1_s27140_diversified_m1_n100	100	2D_neut_bdg_sigmoid	348.4214074401074
9.888567175422177e-4	9.773598222360667e-4	7.381722167544714e-4	0.0012743206141948061	sampconfig_m0_w1_d0.4_t1_mg1_mm1_l2e+08_i1_s33160_diversified_m1_n100	100	2D_neut_bdg_sigmoid	241.29406764122183
0.0014205701059895257	0.0013945517956857863	9.516452336200162e-4	0.0019495005949329326	sampconfig_m0_w1_d0.4_t1_mg1_mm1_l2e+08_i1_s82216_diversified_m1_n100	100	2D_neut_bdg_sigmoid	260.8598069031395
0.001053271359904509	0.0010421613589830822	7.605733095102261e-4	0.001367051975618419	sampconfig_m0_w1_d0.4_t1_mg1_mm1_l2e+08_i2_s85678_diversified_m1_n100	100	2D_neut_bdg_sigmoid	419.17204975347437
9.538390672775474e-4	9.430587816044106e-4	6.878984395972034e-4	0.0012425536855791806	sampconfig_m0_w1_d0.4_t1_mg1_mm1_l2e+08_i3_s99262_diversified_m1_n100	100	2D_neut_bdg_sigmoid	246.00189631637502
0.00151649820350801	0.0015074729629573624	0.001028130831673572	0.001984234904823433	sampconfig_m0_w1_d0.4_t1_mg1_mm1_l2e+08_i4_s39142_diversified_m1_n100	100	2D_neut_bdg_sigmoid	291.04997346949415
0.001106802575901517	0.0010853774844270512	7.341157795201404e-4	0.001520026357808451	sampconfig_m0_w1_d0.4_t1_mg1_mm1_l2e+08_i5_s53981_diversified_m1_n100	100	2D_neut_bdg_sigmoid	219.86896419815363
7.947099169873165e-4	7.86718138488873e-4	5.708438846923153e-4	0.0010348675770512356	sampconfig_m0_w1_d0.4_t1_mg1_mm1_l2e+08_i6_s55433_diversified_m1_n100	100	2D_neut_bdg_sigmoid	311.5577417018316
8.879308733167985e-4	8.783296652146249e-4	6.400929300970524e-4	0.0011510624037818875	sampconfig_m0_w1_d0.4_t1_mg1_mm1_l2e+08_i7_s48595_diversified_m1_n100	100	2D_neut_bdg_sigmoid	268.1440003332937
0.0010736140887262385	0.001063711590009195	7.550710330717408e-4	0.0013934609599907135	sampconfig_m0_w1_d0.4_t1_mg1_mm1_l2e+08_i8_s6616_diversified_m1_n100	100	2D_neut_bdg_sigmoid	287.40054794888334
5.707079036224796e-4	5.623338749267408e-4	3.526683590467772e-4	7.933314988933116e-4	sampconfig_m0_w1_d0.6_t1_mg1_mm0.99_l2e+08_i1_s41624_diversified_m1_n100	100	2D_sel_bdg_deleterious	327.79769106385623
5.327201039637234e-4	5.13844853807894e-4	2.9750015175562274e-4	7.907239460641206e-4	sampconfig_m0_w1_d0.6_t1_mg1_mm0.99_l2e+08_i1_s46725_diversified_m1_n100	100	2D_sel_bdg_deleterious	337.7826754448043
6.269675301628204e-4	6.193750248450062e-4	4.219817479487176e-4	8.399806629290048e-4	sampconfig_m0_w1_d0.6_t1_mg1_mm0.99_l2e+08_i1_s88169_diversified_m1_n100	100	2D_sel_bdg_deleterious	206.4030596872932
5.661403363046804e-4	5.475004956625454e-4	3.3023408651800326e-4	8.398584283910821e-4	sampconfig_m0_w1_d0.6_t1_mg1_mm0.99_l2e+08_i2_s23795_diversified_m1_n100	100	2D_sel_bdg_deleterious	232.06320836715483
7.000883160860195e-4	6.789933647050417e-4	4.270613325950826e-4	0.001018796712815154	sampconfig_m0_w1_d0.6_t1_mg1_mm0.99_l2e+08_i3_s96081_diversified_m1_n100	100	2D_sel_bdg_deleterious	213.01080488947753
4.801859550977607e-4	4.743980059908568e-4	3.1285854674466826e-4	6.743619435173025e-4	sampconfig_m0_w1_d0.6_t1_mg1_mm0.99_l2e+08_i4_s81820_diversified_m1_n100	100	2D_sel_bdg_deleterious	249.7203711666508
3.7124824936785614e-4	3.650605830528746e-4	2.275998849519793e-4	5.266784038272749e-4	sampconfig_m0_w1_d0.6_t1_mg1_mm0.99_l2e+08_i5_s23470_diversified_m1_n100	100	2D_sel_bdg_deleterious	363.49114200582176
4.111264428595835e-4	4.008506343091404e-4	2.4742181761002943e-4	5.950925654217404e-4	sampconfig_m0_w1_d0.6_t1_mg1_mm0.99_l2e+08_i6_s73494_diversified_m1_n100	100	2D_sel_bdg_deleterious	257.3503253194539
8.14053035216056e-4	7.906976152571082e-4	4.042156729568058e-4	0.00125366135269424	sampconfig_m0_w1_d0.6_t1_mg1_mm0.99_l2e+08_i7_s9046_diversified_m1_n100	100	2D_sel_bdg_deleterious	276.1036725413275
2.881945076063714e-4	2.833493574500095e-4	1.6359206166554501e-4	4.2278381299820796e-4	sampconfig_m0_w1_d0.6_t1_mg1_mm0.99_l2e+08_i8_s297_diversified_m1_n100	100	2D_sel_bdg_deleterious	341.9332411414354
3.313027820849232e-4	3.259832152623924e-4	2.0642931173072017e-4	4.7288727693781335e-4	sampconfig_m0_w1_d0.6_t1_mg1_mm1_l2e+08_i1_s10557_diversified_m1_n100	100	2D_neut_bdg_sigmoid	290.2896001074494
4.576086220125481e-4	4.507524154806547e-4	2.9604895615303406e-4	6.261604459846262e-4	sampconfig_m0_w1_d0.6_t1_mg1_mm1_l2e+08_i1_s48500_diversified_m1_n100	100	2D_neut_bdg_sigmoid	265.09036986313225
4.128050343432781e-4	4.0569282797546275e-4	2.536703138361782e-4	5.888047497398315e-4	sampconfig_m0_w1_d0.6_t1_mg1_mm1_l2e+08_i1_s94850_diversified_m1_n100	100	2D_neut_bdg_sigmoid	305.84460201123926
0.0056003554272484	0.005637699606852684	0.0041241700717303785	0.007060524733383184	sampconfig_m0_w1_d0.6_t1_mg1_mm1_l2e+08_i2_s70903_diversified_m1_n100	100	2D_neut_bdg_sigmoid	72.40139173585948
0.001497208094823489	0.0015240556339851346	3.476823002031063e-4	0.002129880583124026	sampconfig_m0_w1_d0.6_t1_mg1_mm1_l2e+08_i3_s88033_diversified_m1_n100	100	2D_neut_bdg_sigmoid	149.05638737689156
5.102453601219968e-4	5.006702187444461e-4	3.271979154247605e-4	7.201712113857892e-4	sampconfig_m0_w1_d0.6_t1_mg1_mm1_l2e+08_i4_s90683_diversified_m1_n100	100	2D_neut_bdg_sigmoid	226.4011794133928
5.008540549724623e-4	4.912492642473464e-4	3.0848089223943693e-4	7.162589588439504e-4	sampconfig_m0_w1_d0.6_t1_mg1_mm1_l2e+08_i5_s87716_diversified_m1_n100	100	2D_neut_bdg_sigmoid	395.2210086432699
4.6551507817166907e-4	4.5718417088575446e-4	2.8328323646506417e-4	6.55564369745956e-4	sampconfig_m0_w1_d0.6_t1_mg1_mm1_l2e+08_i6_s99090_diversified_m1_n100	100	2D_neut_bdg_sigmoid	403.1401959496786
6.398567308935141e-4	6.29115387360609e-4	4.4857265332414516e-4	8.577009650049502e-4	sampconfig_m0_w1_d0.6_t1_mg1_mm1_l2e+08_i7_s89236_diversified_m1_n100	100	2D_neut_bdg_sigmoid	237.31756155136782
3.735445230309986e-4	3.665531082058062e-4	2.295155669620421e-4	5.25900723918496e-4	sampconfig_m0_w1_d0.6_t1_mg1_mm1_l2e+08_i8_s53804_diversified_m1_n100	100	2D_neut_bdg_sigmoid	306.0349507460111
-0.012921430557124917	-0.013810580054836723	-0.01904216189129306	-0.0035396367584027357	sampconfig_m0_w1_d0.8_t1_mg1_mm0.99_l2e+08_i1_s20836_diversified_m1_n100	100	2D_sel_bdg_deleterious	2.5245477124276405
1.143337520619027e-4	1.1060701553713167e-4	2.9919861099236725e-5	2.043779562879817e-4	sampconfig_m0_w1_d0.8_t1_mg1_mm0.99_l2e+08_i1_s57056_diversified_m1_n100	100	2D_sel_bdg_deleterious	253.82275785421172
1.1103878392006787e-4	1.0633713156731604e-4	3.1793163965582985e-5	1.9279730586510774e-4	sampconfig_m0_w1_d0.8_t1_mg1_mm0.99_l2e+08_i1_s58383_diversified_m1_n100	100	2D_sel_bdg_deleterious	208.2417859915417
2.6287655466899487e-4	2.415686099730681e-4	1.0724385992520583e-4	4.646142958984016e-4	sampconfig_m0_w1_d0.8_t1_mg1_mm0.99_l2e+08_i2_s77638_diversified_m1_n100	100	2D_sel_bdg_deleterious	247.35152746930981
2.352475449853546e-4	2.3070199262978245e-4	1.4223996647712235e-4	3.364879243861144e-4	sampconfig_m0_w1_d0.8_t1_mg1_mm0.99_l2e+08_i3_s70682_diversified_m1_n100	100	2D_sel_bdg_deleterious	264.20189149672836
-2.2861058640452647e-6	-2.47136292971735e-6	-9.649108540443914e-5	8.733640015359497e-5	sampconfig_m0_w1_d0.8_t1_mg1_mm0.99_l2e+08_i4_s31519_diversified_m1_n100	100	2D_sel_bdg_deleterious	338.27303831943493
7.12146174902585e-5	6.978085669975131e-5	-4.337097237662891e-7	1.4438427462745067e-4	sampconfig_m0_w1_d0.8_t1_mg1_mm0.99_l2e+08_i5_s658_diversified_m1_n100	100	2D_sel_bdg_deleterious	386.0995683250769
6.77447964428954e-5	6.658710993903162e-5	4.855829200155052e-6	1.3288043788428844e-4	sampconfig_m0_w1_d0.8_t1_mg1_mm0.99_l2e+08_i6_s29159_diversified_m1_n100	100	2D_sel_bdg_deleterious	214.82171722680877
7.85305403121658e-5	7.656173433007911e-5	6.320553758700658e-6	1.5698035345913645e-4	sampconfig_m0_w1_d0.8_t1_mg1_mm0.99_l2e+08_i7_s87603_diversified_m1_n100	100	2D_sel_bdg_deleterious	211.8598760327851
7.272089910315443e-5	6.822523488373149e-5	-1.3845088309669324e-5	1.647954843337088e-4	sampconfig_m0_w1_d0.8_t1_mg1_mm0.99_l2e+08_i8_s71778_diversified_m1_n100	100	2D_sel_bdg_deleterious	389.9430662652095
-9.686311147650001e-5	6.820399095914381e-5	-0.0014013589298885055	3.5960058336569826e-4	sampconfig_m0_w1_d0.8_t1_mg1_mm1_l2e+08_i1_s16330_diversified_m1_n100	100	2D_neut_bdg_sigmoid	38.704722994482246
8.697130658654983e-5	7.855211740547615e-5	-1.5962095807890925e-5	2.0628375717130247e-4	sampconfig_m0_w1_d0.8_t1_mg1_mm1_l2e+08_i1_s36751_diversified_m1_n100	100	2D_neut_bdg_sigmoid	108.57057713557651
0.006032192807871439	0.0059879048089887974	0.004930768945634381	0.00724162233545208	sampconfig_m0_w1_d0_t1_mg1_mm0.99_l2e+08_i1_s13606_diversified_m1_n100	100	2D_sel_bdg_deleterious	241.34162484533002
0.004145360162858554	0.00412222121535283	0.003395694992072676	0.004919188427227661	sampconfig_m0_w1_d0_t1_mg1_mm0.99_l2e+08_i1_s15306_diversified_m1_n100	100	2D_sel_bdg_deleterious	516.718774330884
0.005413620891676015	0.005364528091522199	0.004322103449209633	0.006561463934803013	sampconfig_m0_w1_d0_t1_mg1_mm0.99_l2e+08_i1_s62948_diversified_m1_n100	100	2D_sel_bdg_deleterious	318.30310370956505
0.004913531328665573	0.004883895182750471	0.004043551963720469	0.005822463779377907	sampconfig_m0_w1_d0_t1_mg1_mm0.99_l2e+08_i2_s26207_diversified_m1_n100	100	2D_sel_bdg_deleterious	207.8294234932809
0.004503926321623084	0.004480642234888467	0.0037685492993839685	0.005286815745246682	sampconfig_m0_w1_d0_t1_mg1_mm0.99_l2e+08_i3_s20653_diversified_m1_n100	100	2D_sel_bdg_deleterious	444.37453161695043
0.006098053304926578	0.00604966526716122	0.0048788511950605806	0.007434528630258219	sampconfig_m0_w1_d0_t1_mg1_mm0.99_l2e+08_i4_s82066_diversified_m1_n100	100	2D_sel_bdg_deleterious	202.9032063989559
0.005253597496231255	0.005208136006758731	0.004253296135846165	0.006333574021768554	sampconfig_m0_w1_d0_t1_mg1_mm0.99_l2e+08_i5_s76921_diversified_m1_n100	100	2D_sel_bdg_deleterious	337.9587274947348
0.005154324821254523	0.0050565815538158735	0.004054684370328007	0.006517334696867527	sampconfig_m0_w1_d0_t1_mg1_mm0.99_l2e+08_i6_s53968_diversified_m1_n100	100	2D_sel_bdg_deleterious	208.13255787741002
0.004389711350072235	0.004345994967657363	0.0035490656607632285	0.0053123026609198445	sampconfig_m0_w1_d0_t1_mg1_mm0.99_l2e+08_i7_s77212_diversified_m1_n100	100	2D_sel_bdg_deleterious	517.6525044957282
0.005033859835534139	0.004631047976520771	0.003435719484769809	0.007250001628982534	sampconfig_m0_w1_d0_t1_mg1_mm0.99_l2e+08_i8_s48638_diversified_m1_n100	100	2D_sel_bdg_deleterious	55.971788353064866
0.004042844015846885	0.0039992317914812605	0.0033426973036190947	0.004813741924640337	sampconfig_m0_w1_d0_t1_mg1_mm1_l2e+08_i1_s34497_diversified_m1_n100	100	2D_neut_bdg_sigmoid	350.1244378618648
0.004228720729674408	0.004134430074835311	0.0033208845393398545	0.005485992334621426	sampconfig_m0_w1_d0_t1_mg1_mm1_l2e+08_i1_s4638_diversified_m1_n100	100	2D_neut_bdg_sigmoid	198.80232905333207
0.0049332337781709465	0.004857769759351382	0.0036736498276549365	0.006345531586657339	sampconfig_m0_w1_d0_t1_mg1_mm1_l2e+08_i1_s98135_diversified_m1_n100	100	2D_neut_bdg_sigmoid	243.55694925181584
0.0042564361135260164	0.004233672194452014	0.003492157978065637	0.005106259834330946	sampconfig_m0_w1_d0_t1_mg1_mm1_l2e+08_i2_s35001_diversified_m1_n100	100	2D_neut_bdg_sigmoid	650.063197432835
0.004585549221144282	0.004547280788807999	0.00349422603330951	0.005757221787605056	sampconfig_m0_w1_d0_t1_mg1_mm1_l2e+08_i3_s2682_diversified_m1_n100	100	2D_neut_bdg_sigmoid	69.03525141454233
0.005166303307184912	0.005151743474698342	0.003634985529236095	0.006769276290795472	sampconfig_m0_w1_d0_t1_mg1_mm1_l2e+08_i4_s11689_diversified_m1_n100	100	2D_neut_bdg_sigmoid	76.85437478346712
0.004139892918976579	0.004113639913169161	0.0034002966158067447	0.004979998056508763	sampconfig_m0_w1_d0_t1_mg1_mm1_l2e+08_i5_s28337_diversified_m1_n100	100	2D_neut_bdg_sigmoid	270.7309682165391
0.0039059914199432765	0.003837204579690918	0.003089876096397798	0.004903609609050814	sampconfig_m0_w1_d0_t1_mg1_mm1_l2e+08_i6_s28788_diversified_m1_n100	100	2D_neut_bdg_sigmoid	342.9020506991188
0.004194477392310127	0.00416218335534478	0.003342902671711421	0.005080766313275146	sampconfig_m0_w1_d0_t1_mg1_mm1_l2e+08_i7_s27067_diversified_m1_n100	100	2D_neut_bdg_sigmoid	413.91211284480335
0.0044357021809961076	0.004320689294555748	0.00346110188045987	0.0054680520361450905	sampconfig_m0_w1_d0_t1_mg1_mm1_l2e+08_i8_s66697_diversified_m1_n100	100	2D_neut_bdg_sigmoid	118.65375926122479
0.0022425546737055288	0.0022101822069323183	0.0016803543348896113	0.0028452721273713967	sampconfig_m1.5_w1_d0.2_t1_mg1_mm1_l2e+08_i1_s2710_diversified_m1_n100	100	2D_neut_bdg_motility	433.21420670381707
0.001960217954525934	0.0019445420879366454	0.001300643346004452	0.002680759744939157	sampconfig_m1.5_w1_d0.2_t1_mg1_mm1_l2e+08_i1_s29448_diversified_m1_n100	100	2D_neut_bdg_motility	257.6803856534458
0.002257613435486852	0.002221616197986601	0.0015767102577049893	0.0029661209158208415	sampconfig_m1.5_w1_d0.2_t1_mg1_mm1_l2e+08_i1_s86960_diversified_m1_n100	100	2D_neut_bdg_motility	240.9414971415564
0.0020301366708385753	0.0020075332749276966	0.0015771703524403635	0.0025341269865563356	sampconfig_m1.5_w1_d0.2_t1_mg1_mm1_l2e+08_i2_s51192_diversified_m1_n100	100	2D_neut_bdg_motility	631.6098987277383
0.002281989803753097	0.0022318993068439	0.0015730703996904964	0.003088072492438079	sampconfig_m1.5_w1_d0.2_t1_mg1_mm1_l2e+08_i3_s9860_diversified_m1_n100	100	2D_neut_bdg_motility	560.9777060652809
0.001494394919082104	0.0014697403594113973	8.755263732010169e-4	0.002184819985816511	sampconfig_m1.5_w1_d0.2_t1_mg1_mm1_l2e+08_i4_s26687_diversified_m1_n100	100	2D_neut_bdg_motility	402.7839189229733
0.0017249971627571017	0.0016842050867393631	0.0011463565941089405	0.0023832864145775547	sampconfig_m1.5_w1_d0.2_t1_mg1_mm1_l2e+08_i5_s13187_diversified_m1_n100	100	2D_neut_bdg_motility	561.2003494183585
0.002363860081131564	0.0023476509557268767	0.0018021931120732917	0.0029499394096766654	sampconfig_m1.5_w1_d0.2_t1_mg1_mm1_l2e+08_i6_s43709_diversified_m1_n100	100	2D_neut_bdg_motility	343.58198085892195
0.0018582381962687143	0.0018325433604905591	0.0013791583136074064	0.002393890683548195	sampconfig_m1.5_w1_d0.2_t1_mg1_mm1_l2e+08_i7_s41937_diversified_m1_n100	100	2D_neut_bdg_motility	501.8878582319044
0.0019891132427806465	0.0019048191738432379	0.0013770889138463509	0.0028116760140064253	sampconfig_m1.5_w1_d0.2_t1_mg1_mm1_l2e+08_i8_s77605_diversified_m1_n100	100	2D_neut_bdg_motility	284.57956784788854
0.0014630795156526614	0.0014460377759307474	0.0011596022823336183	0.0018070573623102677	sampconfig_m1_w1_d0.2_t1_mg1_mm1_l2e+08_i1_s2253_diversified_m1_n100	100	2D_neut_bdg_motility	1865.1217736096703
0.0018657431563583581	0.0018450751935035633	0.0014304981372795533	0.002324970076253636	sampconfig_m1_w1_d0.2_t1_mg1_mm1_l2e+08_i1_s29745_diversified_m1_n100	100	2D_neut_bdg_motility	762.1090235907121
0.0024361367623662506	0.002422625034521781	0.0018669788650231291	0.003031597363054637	sampconfig_m1_w1_d0.2_t1_mg1_mm1_l2e+08_i1_s69767_diversified_m1_n100	100	2D_neut_bdg_motility	366.51917791868397
0.001572809659233345	0.0015195403669734657	0.0011108265217328094	0.0022080365073463126	sampconfig_m1_w1_d0.2_t1_mg1_mm1_l2e+08_i2_s9004_diversified_m1_n100	100	2D_neut_bdg_motility	223.04486774962743
0.0016501338867551448	0.0016269347898193582	0.0012362578449277401	0.002093615801488504	sampconfig_m1_w1_d0.2_t1_mg1_mm1_l2e+08_i3_s34362_diversified_m1_n100	100	2D_neut_bdg_motility	421.84709389653653
0.0023800632164715776	0.0023514734072919586	0.001755119187223013	0.0031047309179819877	sampconfig_m1_w1_d0.2_t1_mg1_mm1_l2e+08_i4_s72476_diversified_m1_n100	100	2D_neut_bdg_motility	368.75272762341575
0.001961069221259072	0.0019373060946282872	0.001529752855131457	0.0024557826715485486	sampconfig_m1_w1_d0.2_t1_mg1_mm1_l2e+08_i5_s13495_diversified_m1_n100	100	2D_neut_bdg_motility	880.6723034735699
0.0022428063873611587	0.002196297427968387	0.001610261917094053	0.002991952911419053	sampconfig_m1_w1_d0.2_t1_mg1_mm1_l2e+08_i6_s64633_diversified_m1_n100	100	2D_neut_bdg_motility	211.07441467222984
0.002582059073157843	0.0025623814070053186	0.0017087935405014794	0.003430164247573495	sampconfig_m1_w1_d0.2_t1_mg1_mm1_l2e+08_i7_s49263_diversified_m1_n100	100	2D_neut_bdg_motility	204.41067922425566
0.0015896629555816261	0.001568538306392862	0.0011563621798562171	0.00204882505137453	sampconfig_m1_w1_d0.2_t1_mg1_mm1_l2e+08_i8_s15686_diversified_m1_n100	100	2D_neut_bdg_motility	519.3401263309572
0.0017800278617338804	0.001761198279440778	0.001264299811603728	0.002319188841047946	sampconfig_m2_w1_d0.2_t1_mg1_mm1_l2e+08_i1_s1819_diversified_m1_n100	100	2D_neut_bdg_motility	661.1388511550283
0.0022277615163173213	0.002214834250626273	0.0013550046547620286	0.003103862088902	sampconfig_m2_w1_d0.2_t1_mg1_mm1_l2e+08_i1_s21265_diversified_m1_n100	100	2D_neut_bdg_motility	388.7807815244866
0.0016412718731303427	0.0015806748476795075	0.001135952957055691	0.00229523951807228	sampconfig_m2_w1_d0.2_t1_mg1_mm1_l2e+08_i1_s71178_diversified_m1_n100	100	2D_neut_bdg_motility	244.9191424231125
0.0021359447208217372	0.002107511085734667	0.0015325598205204018	0.0027975542981665408	sampconfig_m2_w1_d0.2_t1_mg1_mm1_l2e+08_i2_s92902_diversified_m1_n100	100	2D_neut_bdg_motility	321.86601428326065
0.0012094249542414582	0.00119979251873492	9.027155954008837e-4	0.001549511662756198	sampconfig_m2_w1_d0.2_t1_mg1_mm1_l2e+08_i3_s99782_diversified_m1_n100	100	2D_neut_bdg_motility	948.6070287151916
0.0013526771948947332	0.0013176660879041027	9.074455127309891e-4	0.0018962000223915255	sampconfig_m2_w1_d0.2_t1_mg1_mm1_l2e+08_i4_s82432_diversified_m1_n100	100	2D_neut_bdg_motility	226.9678473565912
0.0018908188050521023	0.001842696323362458	0.0013976476902614028	0.0025051842808370803	sampconfig_m2_w1_d0.2_t1_mg1_mm1_l2e+08_i5_s65830_diversified_m1_n100	100	2D_neut_bdg_motility	635.335924615628
0.0019592248479484748	0.0019327056421296937	0.0014671819559500246	0.00249071418626692	sampconfig_m2_w1_d0.2_t1_mg1_mm1_l2e+08_i6_s60949_diversified_m1_n100	100	2D_neut_bdg_motility	586.3333013017257
0.0016709350890853625	0.00163655320366368	0.0011013641303948374	0.0023143688835527273	sampconfig_m2_w1_d0.2_t1_mg1_mm1_l2e+08_i7_s208_diversified_m1_n100	100	2D_neut_bdg_motility	301.47426473165655
0.0022106359972432397	0.0021851940815354274	0.0014634778875403985	0.002998444706099247	sampconfig_m2_w1_d0.2_t1_mg1_mm1_l2e+08_i8_s34287_diversified_m1_n100	100	2D_neut_bdg_motility	237.62812107169202
