mean_growth_rate_diff,median_growth_rate_diff,mean_growth_rate_ratio,median_growth_rate_ratio,mean_birth_rate_diff,median_birth_rate_diff,mean_birth_rate_ratio,median_birth_rate_ratio,growthRate_hdi95_lower,growthRate_hdi95_upper,growthRate_hdi85_lower,growthRate_hdi85_upper,growthRate_hdi75_lower,growthRate_hdi75_upper,birthRate_hdi95_lower,birthRate_hdi95_upper,birthRate_hdi85_lower,birthRate_hdi85_upper,birthRate_hdi75_lower,birthRate_hdi75_upper,dr,minBirthRateESS,single_death,clock_model
0.688137957945117,0.6735751715430045,-26.40134327222879,30.865350813115253,0.8123005479421622,0.7916441053798802,66.74443462489252,28.412102147932686,0.4342760003362663,0.9803443165194992,0.4874848567324853,0.8741761773190919,0.516420585888537,0.8205394917825731,0.5468893495483471,1.1137196650495247,0.5947225149124096,1.00029466869361,0.6204090676542012,0.9414548475637962,0.00,2044.5568963280946,FALSE,state_dependent
0.7165554694974188,0.7058819710233244,22.310841062669,16.81227508684949,0.8414296930845592,0.8239234881065138,23.885629894015167,15.9635406826914,0.4379877897869994,1.0216990961078414,0.5010186682340222,0.919332862528617,0.5359953127896393,0.8665841170140893,0.564851758487403,1.1496474196747666,0.614133747899036,1.0356858284552755,0.6466754867184564,0.9802334044570888,0.01,2452.68266819493,FALSE,state_dependent
0.481133357901829,0.47306358326589526,-20.867194815722502,9.084798434229572,0.6184361156949583,0.6038661832655821,32.984768322388625,9.935642138503098,0.24762127664846,0.7262990338734738,0.30171221219420963,0.6503473817417894,0.32835345316528863,0.6048623409644116,0.37901375405782245,0.8906817246873007,0.4142384586535572,0.7910746523286653,0.4404687507163895,0.7425233120827787,0.02,775.4931694660329,FALSE,state_dependent
0.6023967264002127,0.5947040461648256,-10.178187658652673,30.22577131493336,0.7506800427432596,0.7341880505489025,143.61568888766732,36.5353450888466,0.36006062189919646,0.8583716273858205,0.4133352394074132,0.7673863390841561,0.4498888304119066,0.728493535316043,0.4865704170099696,1.042846430467877,0.5357633435553448,0.9352573085715411,0.5684188714573047,0.883187033698477,0.03,1355.5935640136843,FALSE,state_dependent
0.5493733048980772,0.5456383636373532,23.914117236966916,12.482113156691334,0.7035271109810565,0.6842771753796666,41.83473631282095,14.173121998687524,0.3034730340448235,0.7978340946022245,0.3712234031298564,0.7169175601096011,0.4115781030570036,0.6810365303593034,0.4643202652532676,0.9875363660116437,0.5044333208054096,0.8736235512314001,0.5310224452629657,0.8204975614316663,0.04,698.1464732642481,FALSE,state_dependent
0.7778619932272959,0.7607771021853538,18.17993891734731,20.471509261533548,0.9167554709395453,0.8962430385679769,47.257521931402046,19.050159372009233,0.4568838363184082,1.1241172580451795,0.5263573525659252,1.0017943498262794,0.565089430545476,0.9394953682326977,0.6118706323021819,1.268714368588712,0.6557923470493331,1.1323254982133204,0.6941474657700304,1.07308190667282,0.05,1366.7641921784398,FALSE,state_dependent
0.6780924666052585,0.6725610528461204,59.119858057309116,18.969451366049636,0.840543425152493,0.8244238529347822,60.57133844685165,21.188558857386802,0.40496608623941854,0.9665329301670115,0.4757120172861531,0.8769857455417718,0.5152982181190242,0.8330204404271914,0.5601218049615662,1.1468217655131372,0.6131187611837662,1.0385078025798402,0.6426119105003917,0.9818519658983282,0.06,1404.5301434093965,FALSE,state_dependent
0.5891698510374076,0.5796139354922827,17.648356588934295,8.812334608764743,0.7655876103192888,0.7450045604433568,18.575846878820563,9.982846668994615,0.2942962164884083,0.884033006686257,0.36755483770561515,0.7877901605108436,0.4108873895201556,0.7411038073403288,0.47660666783601413,1.0952852446932009,0.5272858888546073,0.974255940252061,0.5524200070767554,0.9061093519371113,0.07,811.9445908130077,FALSE,state_dependent
0.65932704976998735,0.6523891279556001,36.75437903484698,18.38418638450614,0.7975294787750654,0.784632476279975,36.85910142365361,18.72484585238452,0.39352309598325363,0.9401527053989904,0.45423655604674695,0.8474384888940142,0.4961501610330272,0.8082473433546393,0.5176323457119019,1.0958691843131068,0.5784760736927899,0.9972555555734427,0.6100898750098355,0.9433235378470298,0.08,1255.7164458250497,FALSE,state_dependent
0.45105705280729075,0.44658915604251787,12.747384221361877,5.565482418008082,0.6468337723081695,0.6287032947428219,9.513024207238608,6.843792473519211,0.18608765072857325,0.7199131104944201,0.2534936904516132,0.6396177228833657,0.28846649853938655,0.594582692271812,0.3730231882805986,0.9547336429214011,0.42210538184607427,0.8410429662367729,0.45309116822469075,0.7839404731840972,0.09,644.2147944602875,FALSE,state_dependent
0.6211135791771749,0.6090272391535608,50.67368613979601,18.90774291427529,0.7420410427535366,0.7225123074766151,77.17359613263602,21.271538090014865,0.3721452159281976,0.9022969156825731,0.4299949048176077,0.8011141643176847,0.45785470119253635,0.7463798926155515,0.49810195920037936,1.0312621606142063,0.5391845973727578,0.9199021050914037,0.5649713790445893,0.8647055263987502,0.10,1301.4536716256127,FALSE,state_dependent
0.9410758471794877,0.9321360863628043,36.1228255193262,24.353332735528113,1.1375223114842576,1.1188304241706262,59.308712009386504,24.570559753915482,0.5665335962016624,1.3317627474693858,0.6584120990150782,1.2053983919705213,0.7089980433936525,1.1413586691206836,0.7940612925782766,1.5271227905609066,0.8573111337170372,1.3861668736023065,0.8940093897523398,1.3142463552699912,0.11,2902.7096047223336,FALSE,state_dependent
0.5979376407021646,0.5843741834413638,65.67061149640186,13.586367100353929,0.778310436310116,0.7532648414255021,33.97196939205377,14.768633366244195,0.308016752945914,0.9127432676019189,0.37635226253663717,0.8052057728084625,0.41386483185440537,0.7497125101987377,0.47402572467430393,1.1278846979420145,0.5210792559763957,0.9960122602462849,0.544256890031266,0.9223964342972764,0.12,277.1390494234655,FALSE,state_dependent
0.4801727864841369,0.47140246445667056,69.45851161476833,19.180195804567933,0.5895205043923654,0.5726973219758499,84.18534000204825,23.96875012698154,0.27979202425087346,0.6961334800435851,0.32622165492038924,0.6192710926425864,0.35054783917247295,0.5803919466276397,0.3777037917337101,0.8406521913995763,0.41404484549379184,0.7421378323717635,0.43690154620500643,0.6943606069040942,0.13,1342.9432941132948,FALSE,state_dependent
0.646151595229229,0.6332274954876587,-116.06120653542301,37.30201070454319,0.7763383720029466,0.7590326472051679,119.53018777130451,38.19604453527939,0.39688877722516946,0.9205673666126996,0.44593827201254416,0.8209097776272896,0.48136602050877825,0.776813782064087,0.5180460528531343,1.0763646535609026,0.5574562160003909,0.9647714917730384,0.5829729955405053,0.90746429329054,0.14,2032.6708167385088,FALSE,state_dependent
0.7421618662661329,0.7311858456172403,22.09078721154645,11.503396584180738,0.8460988162036972,0.8299305865747959,18.34196697139787,10.444876672475804,0.45169556670792377,1.0667465959565292,0.517545179979725,0.9573935241028496,0.5481440050118184,0.8963543615393204,0.5642549580956482,1.1652059280759484,0.6150349462247735,1.0476787067443094,0.6474082695431498,0.9889738673442015,0.15,2014.680246178341,FALSE,state_dependent
0.526861464712061,0.5205344296913474,86.26432311817751,15.03133344114653,0.6221967971853161,0.6095470782800751,148.81838897109057,17.492071840214273,0.3168302921910454,0.7574809555076535,0.3637801142947706,0.6822168022529389,0.39004400969399633,0.6429668493079909,0.39247195422351655,0.8706458504959622,0.44138444280910827,0.7869576801335307,0.46054314589179524,0.7358920656190128,0.16,1368.553374984056,FALSE,state_dependent
0.42280185783081786,0.41802940943189504,33.97800854149797,11.485118485136931,0.5669604259354654,0.5550087271200426,26.525687580706,13.101607916053736,0.2161061508451474,0.6337882923313869,0.2674074411435313,0.567596643192792,0.29545621241664444,0.5326994599255194,0.3454514713542569,0.8086188669035774,0.38843896465733074,0.7219112169194661,0.41449404921092664,0.6783068926243944,0.17,1157.673133758333,FALSE,state_dependent
0.3219726470910782,0.3194328648245026,-7.738228380455147,4.680277170382778,0.4754346254403211,0.4538699591721349,13.112699978202013,5.942400069148053,0.10099844988906728,0.5467761737248535,0.1559873954232604,0.46598947716943045,0.19554137479585426,0.43561157905604053,0.2668986044723587,0.7343030311469492,0.29274566062563423,0.624177836868836,0.3119143726179425,0.5734536254205727,0.18,489.43231864210793,FALSE,state_dependent
0.2796641012585832,0.275258789150451,-22.85728800604274,3.132091247564003,0.4351278500900431,0.4194571512356043,4.2756439627546525,3.856047826315117,0.04221221604089037,0.5184120736119181,0.10437680020879561,0.4471939850014982,0.13539319023936225,0.40671858013526613,0.22677266233518253,0.6663469964577065,0.2662303191911671,0.5766170523717546,0.2923792911924368,0.5359398099671719,0.19,2116.862314795856,FALSE,state_dependent
0.5794342242655488,0.5739807467359198,60.89150937609112,26.58398571518572,0.7308873633001507,0.7147123126992982,65.43162912997468,27.438309749096554,0.35530566079474996,0.8172515366475255,0.4084024099286168,0.736307216244618,0.441775110664013,0.6999571764149208,0.5072970145132305,0.9938478659036382,0.5420292969519775,0.889905770413903,0.5642615490228401,0.8390556448735885,0.20,3023.4770400752996,FALSE,state_dependent
0.5626079085650211,0.5383037306070095,-44.74858217655087,22.353155739256003,0.6784079204887019,0.6435858834163036,65.11846798709745,23.58509454098496,0.3311414912735772,0.8567751829822641,0.37698030554453854,0.7503935620903157,0.38676709729789305,0.6711833611980198,0.44697700117493877,0.9898261084894349,0.4735111312964087,0.8649443435640517,0.4871266307760464,0.7923317275374304,0.21,415.3726294398654,FALSE,state_dependent
0.3980929076462687,0.39183390471183527,7.530992473604835,9.627055781924856,0.46086300883038017,0.44900868550363976,14.851664749036264,8.925417946300646,0.24279988186038393,0.56504650523892,0.2764210801746706,0.5070757615443297,0.2971614202556677,0.47850632945203087,0.2970065854297408,0.6446927744411186,0.32571984253729286,0.5725682247136701,0.3450821342843329,0.5391559497746834,0.22,1174.8481599060424,FALSE,state_dependent
0.4358049083806543,0.42606631475193096,-24.98695476498191,19.008424351482695,0.4945325059549516,0.48052233871231687,27.727591358338955,15.496109316925487,0.2756652981356885,0.6188621220309884,0.3078439178570487,0.5441846100578789,0.32964319751637167,0.5138834283533541,0.3290755721563688,0.6972084081601354,0.3564445633678271,0.6115841369500699,0.3733209434633954,0.5719722967647489,0.23,1553.3533270714895,FALSE,state_dependent
0.4516577834785319,0.44773483620274235,5.967307258023441,10.868688064480201,0.5845465397552235,0.570322428715506,43.38545004740219,12.993698771152129,0.22788657649702837,0.6830235673969914,0.28021106884640046,0.6099309848887533,0.3148191777031397,0.5764231872202045,0.344334829517952,0.8535061152803294,0.3867024474003881,0.7572012503926937,0.4145309665029455,0.7103002220559345,0.24,1058.3205554231572,FALSE,state_dependent
0.33525454776675007,0.323083122220678,3.2583985201452714,4.039249676795409,0.38705797902766814,0.3714417546112582,7.5230337438285035,3.6608790299714857,0.10230756973431226,0.59289771596926,0.14818086583748646,0.5020911636235532,0.17068472506144175,0.4517757794974547,0.15437371741528236,0.656810969815832,0.18482281625388386,0.5556681628491148,0.20928038330637452,0.5068854373979775,0.25,1958.6220096666325,FALSE,state_dependent
0.3769297965521327,0.3749279334328409,15.148760772858479,11.849813334086875,0.4804918223504879,0.46910506539756647,118.1641286967296,12.082606114234459,0.2213691411693295,0.5358787502972961,0.2614170682622001,0.4881483673925461,0.28628242058291314,0.4655823402223258,0.3235550342920862,0.6591277839499795,0.35267720528915825,0.5915811555511133,0.37085993310692944,0.5586212118208457,0.26,2141.990919999299,FALSE,state_dependent
0.32138270823878323,0.32453658984259337,9.179330092110158,4.413240261698715,0.3826536720907723,0.37093272174190833,6.91090834306184,4.146216862884467,0.06784233255122726,0.5598165225502615,0.14554860499564432,0.4951679348188669,0.18751902383817134,0.46024870863439826,0.19472641962896012,0.5897658290759664,0.23221574224570515,0.5120914288097151,0.2537861155680003,0.47359598680819975,0.27,1191.0199340502977,FALSE,state_dependent
0.3907554515099245,0.39210644941284656,11.145250694909048,6.240588510077907,0.5445510624376195,0.5286790083248998,8.896530452598054,6.952013587653214,0.15145309331050053,0.621677839858029,0.2244261983719529,0.5594390749298855,0.26229203642042664,0.5244956690486475,0.3297245831766582,0.7937064434340733,0.364523713494817,0.6944959665232104,0.3922430018555481,0.651693171156382,0.28,991.37763217177,FALSE,state_dependent
0.37360669688997894,0.3701915047217542,66.2691120616158,7.793290762466221,0.5008598732106214,0.4811777638111959,42.84109010850658,9.792272130075657,0.12752865182849418,0.6164579499496491,0.20867384504530623,0.5440617620607384,0.24119855836136989,0.49992803088934273,0.2832410805068569,0.7631154860473841,0.3199872013880686,0.6582319835358066,0.3385180715170489,0.6039333864639095,0.29,896.5342020665819,FALSE,state_dependent
0.4907738220228787,0.4854806979519601,-92.47074485889353,23.586398858796468,0.5952842110943684,0.5820048852240377,69.19894110159031,24.609009234148893,0.300980528461353,0.6885395608336576,0.3460698294782608,0.6262221502951844,0.37375186216858247,0.5965891755464318,0.3869881695842586,0.825192881210801,0.42847680768494767,0.7424432361743618,0.4504878620897143,0.6989389552802674,0.30,3062.985020433103,FALSE,state_dependent
0.2806737205169373,0.27243528457131794,-16.711011319758693,8.240188541537083,0.33263885562167883,0.31833410260161676,24.32333813232644,7.679413144773864,0.15086134209318539,0.424587723399146,0.1792405693245106,0.36560337681909183,0.19648365224198502,0.3408354110702977,0.20066950271120426,0.49604418484049373,0.22262266135571063,0.42282807952538376,0.233971926784299,0.38821547970485715,0.31,538.4976051781756,FALSE,state_dependent
0.48648345718325026,0.4808020123724778,1.9286781159206963,11.775266795659213,0.5680259054428097,0.557295222971554,41.02381127341877,11.911509391341232,0.2452044669549786,0.7442051614796585,0.2986852704103445,0.660613963010627,0.33096436841535815,0.6189249654914004,0.31101811429113113,0.8438725120563803,0.3622322616789806,0.7505372531676633,0.39631134394405165,0.7054014590472791,0.32,1357.8955511382526,FALSE,state_dependent
0.5620450611725628,0.5552039310227551,16.488469832485038,17.309961759171827,0.6749708934388279,0.6603345105271567,57.0757081460018,20.108443802101924,0.3288444133665685,0.8040034138912815,0.38457553305988695,0.72756911830248,0.41532368658027363,0.6875731290780033,0.42667576248860917,0.9487427907175173,0.47486462149387754,0.8480833640578805,0.5027269857920426,0.798345025571302,0.33,2642.397295004987,FALSE,state_dependent
0.2621086484158821,0.259718027049466,5.645848681396089,3.4284520513596837,0.3569139269076414,0.35174207276141783,5.3018881998964575,3.848684216466309,0.08433161179970414,0.43284125986524746,0.1354441767228675,0.3802090545343325,0.16198212809936538,0.3540921541458765,0.18607724630776057,0.5228601976605908,0.22947307765923666,0.4703798342259488,0.25709499483825426,0.44503272306576547,0.34,1694.2341613472631,FALSE,state_dependent
0.44748803277650584,0.44572910582509284,36.11707134188438,15.071776536749582,0.5722489095739705,0.5607734058161068,46.72329431679122,16.156971680085462,0.2476452264245509,0.6479179230412029,0.30045680635992056,0.5897690148493872,0.3305549763978022,0.5602430224788257,0.3677213774825027,0.7946340040236652,0.41196218039020754,0.7202731800549819,0.4316438951126007,0.6748450227932707,0.35,1603.327841256218,FALSE,state_dependent
0.3763030716865206,0.3708785041234455,15.603488801209117,7.495378433810842,0.44366107186285214,0.4318227051358883,56.43545788532118,7.817131945958936,0.1893098893090912,0.58085896246392,0.23350141556044351,0.5120135128148653,0.2594199411305431,0.4782859884382931,0.2685536530209306,0.6414165793064013,0.3009039800457029,0.5685641791003779,0.31977998827387005,0.5321924464931214,0.36,3111.358843570075,FALSE,state_dependent
0.20553276546304464,0.2044062136111554,3.6079607726766643,3.2619603574569256,0.29264557120372714,0.28583756511919745,4.120408518085846,3.8511217418788277,0.08654191298228302,0.3251307154336781,0.11633130425310455,0.2899899711543655,0.13555383003526236,0.2736486635794182,0.17987004638181311,0.4203570229019119,0.19760635210247524,0.3704116994771587,0.21396203964384355,0.3512510638453871,0.37,894.5941177442348,FALSE,state_dependent
0.16514381877771744,0.15309366298786012,2.2141500183125142,2.12826339478419,0.3562092430525181,0.3413545802895597,3.4045554812898735,3.2001083029178012,-0.058229643315337976,0.4165947939427326,-0.03363233100996926,0.33365961308525527,-0.02002189297534132,0.2835456200764561,0.17258687190068545,0.5713326855696963,0.20444864765112794,0.48854456968119575,0.2223793685481099,0.44657266995457745,0.38,987.435535520034,FALSE,state_dependent
0.2062843264818128,0.1943037054036869,4.79495976914172,3.48286364941619,0.27323465796158936,0.25597557097209905,5.03100593379712,3.3726131062116878,0.04469300322958138,0.3959924405170975,0.07863233843801118,0.3260630898582216,0.09719373099253159,0.28959125079470166,0.1274211144808265,0.45491851573433095,0.14464157703443517,0.38012113478925064,0.15531324626685944,0.34101057994998363,0.39,1766.7457761530188,FALSE,state_dependent
0.36669869891018997,0.36244432306081886,7.546733786451412,6.574967701984296,0.4278591448110065,0.4191312932136537,7.568109874376724,6.300725136103234,0.22976157669444072,0.5138090295475909,0.2610537198072217,0.46309826054037845,0.2790606321400596,0.43804104791459453,0.29437309870591466,0.5801682462675518,0.316387404732152,0.5190437012264062,0.3356618675205194,0.4949967473282109,0.40,4688.948094462004,FALSE,state_dependent
0.2619048257483511,0.26028043304055715,3.6812805809884233,3.4502819115815173,0.35843356149254035,0.34756474183956354,4.5188137627338785,3.696853613021858,0.06543559157052287,0.4496854786823178,0.1208751329005063,0.39388475220019015,0.15190861263960323,0.365305310413392,0.21251540275965167,0.5234413590691419,0.23695695867364908,0.45955120061544624,0.2547418799694562,0.43042585450156234,0.41,3394.3127683544776,FALSE,state_dependent
0.2721686176018101,0.26649042185822247,5.537549172533478,3.818379495963751,0.35630848766950307,0.3428403594729762,4.934406991682467,4.114884173048947,0.0948377524443487,0.46264439154776865,0.13914068145870054,0.39838312489938893,0.16346917199465788,0.36628073195834815,0.18768932717540207,0.552614534525702,0.21372178538379025,0.4758861082022601,0.232765111403194,0.4399608577259337,0.42,1406.5443687674965,FALSE,state_dependent
0.28250709849837974,0.2686920879413849,11.596108462781169,5.468608105581522,0.3505404925056235,0.3265988087507925,10.107728765822134,5.132167365986702,0.10277582539878441,0.4932359301013499,0.13571675161702393,0.4148671306991406,0.15203496455805293,0.3721447328087276,0.16117724356703594,0.5917969644898078,0.18301755381235302,0.4979885422951714,0.19234684165153054,0.4432912633326416,0.43,857.6054243200019,FALSE,state_dependent
0.30614612903429084,0.3003395664422085,8.364805478301772,4.958020501157442,0.36936615777858217,0.3582632783362286,7.864917861984935,4.797742926819915,0.12297791704094994,0.5044824672370424,0.167425178044247,0.4388171122711428,0.19156189985402444,0.40634913596428746,0.19303498199888822,0.5662593546180508,0.22668511838200062,0.4975693606732064,0.24551907766706493,0.46133866269448714,0.44,1372.76521448427,FALSE,state_dependent
0.29182064919655865,0.2888331679187043,14.617911125016189,10.566184812851573,0.31144162562346883,0.30542826525486155,9.283692190208265,7.487850575239217,0.15818675900164936,0.4539146977113945,0.20418611081788962,0.38070374438700705,0.22283914739213098,0.3562952307923094,0.15336472150996736,0.4727477265595334,0.21843555185519803,0.40832755025357637,0.23526910489762815,0.3779246062231835,0.45,295.54098822563026,FALSE,state_dependent
0.19468766000922452,0.1945631337379438,5.1599785248256165,3.957206326780506,0.3076576325448751,0.30051066067944376,5.75844212675433,4.955084465855262,0.060440320094394,0.32466655467318767,0.09397229700340726,0.29078528906184187,0.11544393190976247,0.2733501653659174,0.20134201972369575,0.4247274549856591,0.22037982983620052,0.38090169398613305,0.23242429529616607,0.3592665825275714,0.46,958.4071759301625,FALSE,state_dependent
0.06588299907176072,0.04946187889227429,1.8010653894195894,1.470186748444985,0.32495901383342646,0.3004523691936931,3.8541150515169473,3.5159009897884497,-0.12178512179998811,0.2896297345629284,-0.08895065929462148,0.21340810403251526,-0.07514937078049025,0.1689052293705895,0.11600144536191076,0.582128916365338,0.14255117682481883,0.4746032844751094,0.16079651289276647,0.4220799833148453,0.47,931.7832403405946,FALSE,state_dependent
0.3652517844174518,0.3616883301563404,6.928066325597142,10.463528748803363,0.46036428192135337,0.45106379372702765,14.994244875251274,10.603345000893466,0.20635597924374202,0.5267393081669801,0.2467069710570632,0.478571726639425,0.26583066702147706,0.449982907139091,0.3125305243565873,0.6286827468544162,0.3386833859664395,0.565312794987305,0.35557620484725666,0.535000815894296,0.48,3001.2654988609693,FALSE,state_dependent
0.25620025094045457,0.25828094585851147,7.0823224422572855,4.1386928152861095,0.36203525756365157,0.35057640837726245,8.655649424382124,4.673806819684897,0.04904887301639123,0.4551891345120826,0.12589433276807604,0.400842149489055,0.1540509728702391,0.36651656044820413,0.19748201102626334,0.5523052982395358,0.225401043463343,0.4793981711672741,0.24420243439375694,0.4451909653294567,0.49,714.3539571316595,FALSE,state_dependent
0.23361581758936215,0.229885998218176,7.769437391484164,7.691332059611684,0.26383203797267785,0.2568619553051278,9.634483422627508,5.572225768782994,0.12362290397437731,0.35540822920108495,0.14833652864004238,0.31293091007721907,0.16379176780992102,0.29288903073416583,0.16091549785148157,0.377041765575726,0.18204346014863182,0.3353134904668101,0.19107049871299756,0.31175868942360213,0.50,3257.8522864800498,FALSE,state_dependent
0.4046356696584647,0.40016315217080956,-22.233025960264182,9.081835232016967,0.5137847546942215,0.49901337496838594,26.972872387598812,10.005881081869514,0.16493225901642752,0.6564801314377925,0.22337795981161945,0.5785585629570982,0.25355172170260876,0.5359893378078003,0.25114573108828653,0.7951850218513862,0.3070750791525507,0.6953953680610239,0.3382285390334486,0.6442834768632958,0.51,826.0684246524861,FALSE,state_dependent
0.21714052361963065,0.21484876376911913,4.225195508515393,3.7184400323289597,0.31629184009377365,0.3061774619785834,4.65891053307078,4.217236687722391,0.06884145382851667,0.3675658021322275,0.10529338560041152,0.32117321822670297,0.12657320031319214,0.29791571383700455,0.18185629774258125,0.4727170569526184,0.2057317946255068,0.4111114336785836,0.21907652186461646,0.3808368403923631,0.52,2388.123423493534,FALSE,state_dependent
0.19677630931309967,0.1924849362107623,8.480939046208139,3.596067653810468,0.22814045597498625,0.21937740559078336,2.895480142529575,2.6641926013105364,0.06304862844955739,0.34361680308209486,0.09670572330489398,0.2964051374774751,0.11261407060087417,0.2694829260437601,0.11719048908022908,0.3529161525493859,0.13914243464911796,0.30345382903682305,0.1503062574577057,0.2782040096631003,0.53,1556.8761542514226,FALSE,state_dependent
0.21563207981403676,0.21408410219544613,7.078332159072557,5.707114607138305,0.24807216923491776,0.2433589628377792,5.376961042713033,4.7684632223823025,0.12087046014770145,0.31435150462776973,0.1469216712530685,0.28488317024222154,0.1582171023163105,0.26730843221753475,0.15132574175107388,0.3467353057346282,0.17490140251783423,0.3112512720152496,0.1868095924114837,0.2934321681524688,0.54,1334.0347895317238,FALSE,state_dependent
0.19859029992798727,0.19459671465393502,2.7949979035130488,3.1199631387863995,0.3319303255729306,0.31305156218895847,4.232459352342842,3.8381642454431395,0.0028316129054201666,0.39573656555015796,0.06265070614114535,0.32909491143435515,0.09172422056299333,0.2958028445132628,0.15606675217520846,0.5522241020685845,0.17614486673463237,0.45823309636451137,0.19386454240366488,0.41555573548325164,0.55,856.7571965996879,FALSE,state_dependent
0.1877910142071265,0.17789019040018955,5.845897649358834,3.4276244791381822,0.24794264321199777,0.23599382291634013,6.9406669655919675,3.320488398046686,9.40706623280968e-4,0.40613921252932134,0.046325074517290024,0.3276238845846804,0.06750474598476813,0.2864208657226329,0.06508997570619338,0.45634576350676637,0.08560107214114732,0.37502715943227505,0.10273485804424617,0.3378602592980582,0.56,1492.879079260145,FALSE,state_dependent
0.14786022023616027,0.13616828577506473,3.947334112376731,2.8829405427167005,0.2361929283497902,0.22322147928271038,7.536502925133563,3.552869781017142,0.024313286855133884,0.29721902092562646,0.04117093330036968,0.23593063160073874,0.05506929746738008,0.20864891098526442,0.09103910386035154,0.4070985157698215,0.1100569049952342,0.33680795344382186,0.12427864022286098,0.30416440313598325,0.57,688.3473489824763,FALSE,state_dependent
0.13183126019540678,0.1301864503983421,3.5174214288267085,3.1918562264526034,0.15656850874209097,0.1544445250136495,3.137104652259945,3.029238626754787,0.06564887794601834,0.20083395898552286,0.0809886444761706,0.17850102450214886,0.09076875800581134,0.1682621806406056,0.093519976737485,0.22222003063138396,0.10676075140227652,0.20038740166816502,0.11405130187796739,0.18870621978896562,0.58,4043.139282884441,FALSE,state_dependent
0.15348733619469884,0.15235599975872316,3.113804850975301,2.8862729642472686,0.20092818431489212,0.1967100175774109,3.1695884444156444,3.1133325862598387,0.07744517606514793,0.23151362548011778,0.09579417116083531,0.20786248453620326,0.10699255576465588,0.19611264341722737,0.13083938622576058,0.28013192930334374,0.1442128980105915,0.25093101091083864,0.15192300858637398,0.2363223580625689,0.59,1151.7211018774683,FALSE,state_dependent
0.08782648354507502,0.0920561279421361,2.486476615587393,2.1415134250792742,0.12682044340134163,0.12783947392356443,2.279652674015551,2.1506823747462356,-0.12275405564479283,0.26520357904472247,-0.015072908627800446,0.2162438424898876,0.010329197021001907,0.1831802629727619,-0.10351942989029947,0.3177609291259937,0.03194263942159084,0.2481382124443025,0.04543433906630061,0.21085002764403457,0.60,2668.8710312201647,FALSE,state_dependent
0.1930074361082775,0.18904953856643233,3.947658743041737,3.5449519761519976,0.2380905990379763,0.2294282771578781,3.611543195584298,3.386289149961948,0.06923832240748051,0.3268443114627886,0.09908433507599743,0.28152658010607523,0.11562023914030198,0.25890333105700303,0.12315028329804217,0.37120097388837514,0.1430556334801345,0.3188697964943392,0.15420674043678695,0.2932009846642139,0.61,1684.4485559655075,FALSE,state_dependent
-0.04644512773872873,-0.10684940608659564,0.05152756609205836,0.07663858289273909,-0.07641275079455602,-0.1356109169242322,0.9014261095970887,0.24268843199342965,-0.2781066091186855,0.27263696844293794,-0.22655916547882465,0.1848379315618462,-0.20677589032694146,0.13594992886581994,-0.32020625996971513,0.2305562682372342,-0.2675218240180234,0.13793134120848474,-0.24598909152835385,0.08718662916375208,0.62,360.8226996347185,FALSE,state_dependent
0.20193527693174712,0.1957699546715485,5.914585057153514,5.0245739445101165,0.25879730443152005,0.24701900887628936,6.075643257832525,4.847286512026233,0.10028261800002891,0.3188313968616473,0.12279640640305296,0.26959878270551907,0.13457092317591057,0.2483697644278402,0.15086161807599405,0.3930900526306489,0.1692909766733874,0.3303460667724654,0.1805080459760619,0.3043331917288276,0.63,257.5105069488591,FALSE,state_dependent
-0.08906833527638373,-0.07436579163829564,0.39942153028973704,0.37851029804094677,-0.048685339760822954,-0.04064053781038196,0.7226941370923454,0.7362107227014814,-0.30483095258217313,0.09856392228381071,-0.22132235139080564,0.05940932858129157,-0.1786957061671512,0.04099695460421897,-0.17905638376635455,0.055439186131011314,-0.13888725820196868,0.034425685288212104,-0.108949233642547,0.028913634928722787,0.64,4060.115297985783,FALSE,state_dependent
0.05953917917274012,0.06240689513555789,1.2768112250496204,1.620399295311524,0.07738216002536677,0.06766805558151799,1.5616291456788123,1.468782005337661,-0.08291828021761498,0.19545640310139112,-0.03071607966047657,0.15459107998030436,-0.006443988409640514,0.13295903295547434,8.025345725757305e-4,0.18842107574196576,0.013507773501587106,0.13457600052238902,0.02074141875566954,0.1123404751639672,0.65,3098.4945637817964,FALSE,state_dependent
0.034296080456895424,0.036406154979797656,1.5879706555614854,1.5038627280457986,0.2372580967433427,0.21492618779364706,3.4868665399534935,3.3343993266964267,-0.0922633469291557,0.16411230101412663,-0.04745028711783189,0.12494905762130731,-0.026781854692144225,0.10762548839686345,0.08958486293828355,0.4398402852830637,0.10800373514014593,0.3399495162978141,0.11760550367403122,0.29520118168015674,0.66,710.2685683773702,FALSE,state_dependent
0.26257594158600356,0.269158379021306,-17.196888828573165,5.471931331442333,0.3281005653182776,0.324624036536844,190.1505214315605,8.571450838153178,0.021467167048118893,0.4630467668293424,0.1000772947702346,0.4239554623171366,0.14193430641367027,0.39486654761818557,0.10979446051147712,0.5408412623068674,0.15983805279621177,0.4739528902031055,0.19413589069614345,0.44377598465782425,0.67,871.388085148939,FALSE,state_dependent
0.30603688264567824,0.307033555679481,37.446718621323285,10.944255243108202,0.39843925219913934,0.38583530328002513,93.24885943888057,17.821888775737328,0.11061014005135862,0.5050816825976634,0.17383445443524542,0.44061550735568633,0.2078204845352805,0.41352416678331944,0.22599658569802916,0.5975050965512694,0.2548570059742501,0.5191399011040767,0.27174983434808103,0.4803836752538058,0.68,1640.5598540788424,FALSE,state_dependent
0.2519971711569764,0.25163648020021623,-67.43120184176423,-6.130776225755633,0.26630318126661406,0.25385533316942777,16.0377546713343,5.334405533167773,0.06569418716182263,0.43969278593848,0.13195647060678456,0.38498421935806265,0.15536920026677994,0.35018617837857435,0.11670072935210588,0.4464188326934405,0.13857095609236517,0.3756025511662008,0.15487268691574005,0.3417785803409582,0.69,1759.0612982897817,FALSE,state_dependent
0.13214731468512367,0.13066552353281813,2.970809297924963,2.914608834145641,0.1830465901644616,0.17896515703038668,3.306875964107798,3.2580369310697312,0.07142724105392614,0.1972736763079197,0.085597632846559,0.1768117718549591,0.09217479931060388,0.164652629762368,0.12460045577671319,0.2499359403892665,0.13533116237790005,0.22488450974955637,0.14152164877093346,0.2121076904953715,0.70,895.0917636819453,FALSE,state_dependent
-0.14793976167072406,-0.14493461192788817,-0.02705102210774883,-0.016661739192937446,-0.1998897241313645,-0.19122393051955916,0.11856209034546501,0.09017004709914381,-0.2491987615327831,-0.05118620534512681,-0.21081631466717363,-0.07909435910694504,-0.19459431069457664,-0.09381681298733732,-0.33076719623899975,-0.09799102303709706,-0.27456039170267676,-0.11844140916054294,-0.2500746975003822,-0.12990736002574865,0.71,2711.5586880598544,FALSE,state_dependent
0.12563679519638235,0.13534734013830801,12.575866108986004,8.863319511974623,0.12820728332457837,0.1300340586235415,4.3784249074789,4.133730291480726,0.0062615994830789445,0.21876548603975987,0.08255344083398139,0.1903158413813078,0.09902296146146619,0.1765056946846133,0.05113879060929313,0.19534584789437912,0.07594149957265517,0.17851077170303292,0.09046025828903499,0.17048124038408924,0.72,289.4817325426877,FALSE,state_dependent
0.10594044677465805,0.10997498109459286,7.057075936893076,2.715358206292896,0.10356516496604848,0.10407529723069803,2.318888645194804,1.9868102458446484,-0.024385967329485392,0.24484538836473588,0.006340852807581551,0.20302427463140554,0.024089699537119647,0.18512090535167236,0.009023224840522037,0.2380003952646321,0.020481601824844153,0.18397997468288338,0.026884795403446876,0.16114789983426403,0.73,874.3745953345015,FALSE,state_dependent
-0.10324730113701877,-0.11476166160129449,-0.0805254298642178,0.04572227982312403,-0.13355772214115316,-0.14212181448308303,0.6317319591597622,0.1166119021384309,-0.20944768363768457,-0.016314006171162354,-0.16794158627799657,-0.05497109294037543,-0.15800819575834288,-0.07157109619454222,-0.2708451179057128,-0.026109143201939106,-0.21584835634049285,-0.07516784580390995,-0.19509868330370192,-0.0912940124333885,0.74,294.090693621746,FALSE,state_dependent
0.22328250405504912,0.21782291803274254,35.675243361918845,5.871769829899367,0.283958027241719,0.27233734350828354,35.39183430376065,9.143742741001759,0.07513534594399793,0.3833799760567318,0.1084142215120676,0.3296197105324979,0.12977262498808675,0.30438900184672524,0.13373335145028886,0.45551391447427425,0.16069955348825932,0.3898551790498064,0.17734157000850023,0.35852530108723896,0.75,2389.5855714536374,FALSE,state_dependent
0.2749139815268586,0.27173307668609453,-12.794553781898953,8.317751503213344,0.36978423934984933,0.35928333749703456,27.59578493684249,10.436115061958663,0.07806611041214062,0.4734684193304145,0.12878327482510332,0.413056593585996,0.1574434068133117,0.38256419764466365,0.17110039372335634,0.5903938023018402,0.2125144525635274,0.5135359854320871,0.2347359149946951,0.4724922224914579,0.76,2316.635938163911,FALSE,state_dependent
-0.089958344293472145,-0.07867109490592669,0.15259313546713468,0.07422720747909205,-0.09475141505565093,-0.09338923667859172,0.38634953911635006,0.34811172918050587,-0.2694193584975258,0.05812986732528855,-0.19927200569369846,0.0266427914636337,-0.16180295923135868,0.013826107998605841,-0.19928284421782508,0.0010014161406834143,-0.16428749578429502,-0.01783263986725961,-0.1451866789222412,-0.025759321711826072,0.77,2291.252774917391,FALSE,state_dependent
0.11465716334643522,0.11233930310480586,1.6072981088282747,3.82487990865318,0.17250370738899626,0.16301585385593814,7.284547646508241,4.343639552861234,-0.02172649472959158,0.2591836215640688,0.015137526424983686,0.21302855829635148,0.03721466710378854,0.19222096279226203,0.06091776839721645,0.3021296060441335,0.07813740823175361,0.2520456653455806,0.08856468264326858,0.22694228229363256,0.78,1725.0440040541869,FALSE,state_dependent
0.2766189558765034,0.2698581293311443,29.061474638426862,-10.780535667621024,0.3607371028839268,0.34556189079137983,166.78596189053997,25.999724996737008,0.11403764768774088,0.4532127905002246,0.14919045555775232,0.39526142463189917,0.1672482616407007,0.3626801109620841,0.17907880477361424,0.5739522876283177,0.20812133912683067,0.48872168790685094,0.22546598090538766,0.44581454457141917,0.79,1616.0885867513864,FALSE,state_dependent
-0.05946900245576301,-0.055590508585537775,1.1244975895519151,0.12094745865728881,-0.03765402506191422,-0.03626606181407696,0.8141639808159337,0.7307266006704325,-0.31034349445799825,0.16505642643777993,-0.21713881962364337,0.12171095096426987,-0.17327789980350128,0.09491033537267615,-0.19250660772781839,0.09853438621315076,-0.14570875398952526,0.06552180362360974,-0.11822426099851613,0.052939810210518856,0.80,1681.5493982031364,FALSE,state_dependent
-0.05374611547214211,-0.050144111861853274,0.3173378748742955,0.31924762099311843,-0.1130193753937726,-0.10301729255937123,0.35022360695872645,0.35242560034889436,-0.1259262478496858,0.012981482777013033,-0.09682929432939957,-0.0038620066605023692,-0.08466528469395873,-0.013050144470381893,-0.21220532209320112,-0.03279712748854208,-0.1687106188664386,-0.0441586407335446,-0.1474886877094441,-0.05044848284750739,0.81,1096.3354611832428,FALSE,state_dependent
0.28754838881116684,0.2832857707862706,31.617014459685738,23.409754427746222,0.6113752848629064,0.5904759653587892,69.53853106657488,33.47860419108967,0.09400069852166765,0.4860582359820791,0.13743400819337065,0.4262988375378787,0.16157605247376688,0.3935584196772359,0.3345114093824529,0.9250589915633244,0.37714966579214254,0.8103504172678516,0.4090455233298725,0.7544865141332585,0.82,787.6475346699336,FALSE,state_dependent
-0.06350884188611286,-0.07261575339977258,0.3328152960146435,0.08249789897280979,-0.15052178244913117,-0.1442934586744001,0.16137206348244348,0.12667144849384881,-0.13640749456889123,0.024606308999736065,-0.10840635538700831,0.013992049271236422,-0.09994876347253127,0.005038223870164879,-0.2351903553407377,-0.07863788626741777,-0.20153565083819752,-0.08877300474358449,-0.1852592175669399,-0.094889089093663,0.83,41.868143741029606,FALSE,state_dependent
0.15877568330241223,0.1292164238271292,18.227272377546505,10.615205080561429,0.1616544664559325,0.12801778885759754,16.978472856271647,7.649051680185195,0.0762453057987444,0.3152657792842652,0.07985701882427845,0.2657896026010886,0.07732453879004036,0.19162749037056173,0.0782812613870873,0.32266514022603887,0.08025303618727339,0.2710128719217205,0.07831745615851803,0.19894699886636352,0.84,80.99854217677246,FALSE,state_dependent
-0.04888988876724091,-0.03866659287358905,0.21272211067418204,0.047261105039797205,-0.10592502098679782,-0.1003387995447147,0.2890818697644906,0.2127703943055771,-0.167168997409273,0.03733202975233376,-0.12893116842002053,0.01557313682156554,-0.1024125036418404,0.012053697361515542,-0.20496252029936313,-0.021891450429160172,-0.16582368692248284,-0.027878750952351296,-0.14374780689747624,-0.030232590290506345,0.85,259.46232561388143,FALSE,state_dependent
-0.0795449102867212,-0.08033526232777796,0.09827924956438687,0.07416483486124129,-0.1527571847343125,-0.1461135848355033,0.09543322101034239,0.08733252878151478,-0.12584946632562163,-0.029500875185555976,-0.11443090072861371,-0.04591678093573112,-0.10703924568194459,-0.053387647232258896,-0.24004527671329576,-0.0809585503227164,-0.2047846532352491,-0.090504775900857,-0.1876457471231845,-0.09685612609375183,0.86,1123.5520382371737,FALSE,state_dependent
