mean_birth_rate_diff,median_birth_rate_diff,birthRate_hdi95_lower,birthRate_hdi95_upper,run,n,simulation,minBirthRateESS,base,center,edge,true_birth_diff
0.0030871175256625,0.00305715447491253,0.00249119174323214,0.00374056873733215,sampconfig_m0_w1.1_d0.1_t1_mg0.99_mm1_l2e+08_i1_s43310_diversified_m1_n100,100,2D_sel_bdg,1027.1527692334962,sampconfig_m0_w1.1_d0.1_t1_mg0.99_mm1_l2e+08_i1_s43310,5.75952652675302e-4,0.0037410039106948,0.003165051258019498
0.00306004934301149,0.00303949286285629,0.0023474784720565,0.0037866865398813,sampconfig_m0_w1.1_d0.1_t1_mg0.99_mm1_l2e+08_i1_s53123_diversified_m1_n100,100,2D_sel_bdg,614.7694868446041,sampconfig_m0_w1.1_d0.1_t1_mg0.99_mm1_l2e+08_i1_s53123,5.790160130768289e-4,0.00374784436695388,0.0031688283538770508
0.00380023416617074,0.00378022070923343,0.00306329945944752,0.00452833556845415,sampconfig_m0_w1.1_d0.1_t1_mg0.99_mm1_l2e+08_i1_s62823_diversified_m1_n100,100,2D_sel_bdg,419.1324304615008,sampconfig_m0_w1.1_d0.1_t1_mg0.99_mm1_l2e+08_i1_s62823,5.621148890728471e-4,0.00381620911438321,0.003254094225310363
0.00355231586064877,0.00355269699847456,0.00263488468057982,0.00444312489262309,sampconfig_m0_w1.1_d0.1_t1_mg0.99_mm1_l2e+08_i2_s29035_diversified_m1_n100,100,2D_sel_bdg,274.39362039553714,sampconfig_m0_w1.1_d0.1_t1_mg0.99_mm1_l2e+08_i2_s29035,5.526803457393144e-4,0.00381623353919698,0.0032635531934576655
0.00298246741129916,0.00294649037767653,0.0022486427747917,0.00375978437594129,sampconfig_m0_w1.1_d0.1_t1_mg0.99_mm1_l2e+08_i2_s36728_diversified_m1_n100,100,2D_sel_bdg,706.4615320046873,sampconfig_m0_w1.1_d0.1_t1_mg0.99_mm1_l2e+08_i2_s36728,5.768961341997305e-4,0.00390771831601746,0.003330822181817729
0.00312704430612351,0.00306609204249707,0.00239461520005659,0.00398551512514415,sampconfig_m0_w1.1_d0.1_t1_mg0.99_mm1_l2e+08_i2_s3730_diversified_m1_n100,100,2D_sel_bdg,317.7978568789446,sampconfig_m0_w1.1_d0.1_t1_mg0.99_mm1_l2e+08_i2_s3730,5.55210136843051e-4,0.00379777296804693,0.003242562831203879
0.00430645731883033,0.00428738944341919,0.00325494086657752,0.00533873102367568,sampconfig_m0_w1.1_d0.1_t1_mg0.99_mm1_l2e+08_i3_s54011_diversified_m1_n100,100,2D_sel_bdg,365.1618467724804,sampconfig_m0_w1.1_d0.1_t1_mg0.99_mm1_l2e+08_i3_s54011,5.697702770990476e-4,0.00384489109258891,0.0032751208154898626
0.00349469938599213,0.00345438697949845,0.00277165573448364,0.00428476444906838,sampconfig_m0_w1.1_d0.1_t1_mg0.99_mm1_l2e+08_i3_s80300_diversified_m1_n100,100,2D_sel_bdg,304.1828378760449,sampconfig_m0_w1.1_d0.1_t1_mg0.99_mm1_l2e+08_i3_s80300,5.70339238995466e-4,0.00387201444847967,0.003301675209484204
0.00413190027914411,0.00408656436033884,0.00319042004044703,0.00514849263150065,sampconfig_m0_w1.1_d0.1_t1_mg0.99_mm1_l2e+08_i4_s32876_diversified_m1_n100,100,2D_sel_bdg,273.07945517310736,sampconfig_m0_w1.1_d0.1_t1_mg0.99_mm1_l2e+08_i4_s32876,5.672584680511808e-4,0.00389614193767911,0.003328883469627929
0.00469646121661918,0.00468173713308905,0.0036741021623216,0.00575753959007306,sampconfig_m0_w1.1_d0.1_t1_mg0.99_mm1_l2e+08_i4_s65629_diversified_m1_n100,100,2D_sel_bdg,243.1513999839744,sampconfig_m0_w1.1_d0.1_t1_mg0.99_mm1_l2e+08_i4_s65629,5.644263148555397e-4,0.00375285474906362,0.00318842843420808
0.003714978158534,0.00362190274591047,0.0028105151063094,0.00482409542404234,sampconfig_m0_w1.1_d0.1_t1_mg0.99_mm1_l2e+08_i4_s87908_diversified_m1_n100,100,2D_sel_bdg,309.69503722498655,sampconfig_m0_w1.1_d0.1_t1_mg0.99_mm1_l2e+08_i4_s87908,5.742711374735998e-4,0.00377780951345073,0.00320353837597713
0.003295493240959,0.00327375271876395,0.00268369565512055,0.00394497101204899,sampconfig_m0_w1.1_d0.1_t1_mg0.99_mm1_l2e+08_i5_s68464_diversified_m1_n100,100,2D_sel_bdg,795.6278772464871,sampconfig_m0_w1.1_d0.1_t1_mg0.99_mm1_l2e+08_i5_s68464,5.729271033725047e-4,0.0037971718966133,0.0032242447932407953
0.00282419101436893,0.0027958148966156,0.00210454101684661,0.003572490617588,sampconfig_m0_w1.1_d0.1_t1_mg0.99_mm1_l2e+08_i5_s91109_diversified_m1_n100,100,2D_sel_bdg,414.0182049315727,sampconfig_m0_w1.1_d0.1_t1_mg0.99_mm1_l2e+08_i5_s91109,5.6960627024021e-4,0.00376371658257762,0.0031941103123374103
0.00392003994526594,0.0039094664113741,0.00293139693583729,0.004923030495562,sampconfig_m0_w1.1_d0.1_t1_mg0.99_mm1_l2e+08_i5_s94765_diversified_m1_n100,100,2D_sel_bdg,227.91441827529343,sampconfig_m0_w1.1_d0.1_t1_mg0.99_mm1_l2e+08_i5_s94765,5.549543650189578e-4,0.00398174596543509,0.003426791600416132
0.00435718314553638,0.00433002167306386,0.00343466528289441,0.0053422414630151,sampconfig_m0_w1.1_d0.1_t1_mg0.99_mm1_l2e+08_i6_s4066_diversified_m1_n100,100,2D_sel_bdg,467.0108128855415,sampconfig_m0_w1.1_d0.1_t1_mg0.99_mm1_l2e+08_i6_s4066,5.625963176070376e-4,0.00378754656651142,0.003224950248904382
0.0022814387636206,0.00226283594251344,0.00186567865362212,0.00275039794802001,sampconfig_m0_w1.1_d0.1_t1_mg0.99_mm1_l2e+08_i6_s51663_diversified_m1_n100,100,2D_sel_bdg,1512.968542666316,sampconfig_m0_w1.1_d0.1_t1_mg0.99_mm1_l2e+08_i6_s51663,5.591651339127339e-4,0.00384815966573765,0.0032889945318249165
0.00283654674399944,0.00281439048428225,0.0022764704619516302,0.00340830316994198,sampconfig_m0_w1.1_d0.1_t1_mg0.99_mm1_l2e+08_i7_s27834_diversified_m1_n100,100,2D_sel_bdg,944.3138414438254,sampconfig_m0_w1.1_d0.1_t1_mg0.99_mm1_l2e+08_i7_s27834,5.560127037429572e-4,0.00398850772968264,0.0034324950259396834
0.00343513299843562,0.00339014684774499,0.00260640279492844,0.00430686362655494,sampconfig_m0_w1.1_d0.1_t1_mg0.99_mm1_l2e+08_i7_s49803_diversified_m1_n100,100,2D_sel_bdg,314.73251423303526,sampconfig_m0_w1.1_d0.1_t1_mg0.99_mm1_l2e+08_i7_s49803,5.597853532717659e-4,0.00378757233626717,0.0032277869829954037
0.00363093925989191,0.00361766787127875,0.0028067765481446,0.00450379548286809,sampconfig_m0_w1.1_d0.1_t1_mg0.99_mm1_l2e+08_i7_s97444_diversified_m1_n100,100,2D_sel_bdg,265.22175710628875,sampconfig_m0_w1.1_d0.1_t1_mg0.99_mm1_l2e+08_i7_s97444,5.496433301006906e-4,0.00378759922938768,0.0032379558992869893
0.00358839963657514,0.00356142515688262,0.00262856765832802,0.00462237473803076,sampconfig_m0_w1.1_d0.1_t1_mg0.99_mm1_l2e+08_i8_s50357_diversified_m1_n100,100,2D_sel_bdg,481.18820183048655,sampconfig_m0_w1.1_d0.1_t1_mg0.99_mm1_l2e+08_i8_s50357,5.654327602229817e-4,0.00384228068137543,0.0032768479211524484
0.00222147805830618,0.00218678897608338,0.00169297603916869,0.00282686405901814,sampconfig_m0_w1.1_d0.1_t1_mg0.99_mm1_l2e+08_i8_s5136_diversified_m1_n100,100,2D_sel_bdg,976.0612286746068,sampconfig_m0_w1.1_d0.1_t1_mg0.99_mm1_l2e+08_i8_s5136,5.695202109631825e-4,0.00377072518050717,0.0032012049695439877
0.00249085291123308,0.00246483818203686,0.00195061732981531,0.00309112824125866,sampconfig_m0_w1.1_d0.1_t1_mg0.99_mm1_l2e+08_i8_s97191_diversified_m1_n100,100,2D_sel_bdg,612.6643252221941,sampconfig_m0_w1.1_d0.1_t1_mg0.99_mm1_l2e+08_i8_s97191,5.758311956147313e-4,0.00380945505421595,0.003233623858601219
0.00280358176185335,0.00278647470632659,0.0021249759034382798,0.00351654784365016,sampconfig_m0_w1.1_d0.2_t1_mg0.99_mm1_l2e+08_i1_s21491_diversified_m1_n100,100,2D_sel_bdg,295.70682318780575,sampconfig_m0_w1.1_d0.2_t1_mg0.99_mm1_l2e+08_i1_s21491,0.00104529471642021,0.00404980978272217,0.0030045150663019597
0.00332386303930672,0.00330690519052931,0.0026081665382004,0.00406664212814609,sampconfig_m0_w1.1_d0.2_t1_mg0.99_mm1_l2e+08_i1_s81847_diversified_m1_n100,100,2D_sel_bdg,353.906690397507,sampconfig_m0_w1.1_d0.2_t1_mg0.99_mm1_l2e+08_i1_s81847,0.00103264692619527,0.00422801035004612,0.00319536342385085
0.00280668631093898,0.00277527799421275,0.00203207256095906,0.00358408219741071,sampconfig_m0_w1.1_d0.2_t1_mg0.99_mm1_l2e+08_i2_s56472_diversified_m1_n100,100,2D_sel_bdg,919.363187875333,sampconfig_m0_w1.1_d0.2_t1_mg0.99_mm1_l2e+08_i2_s56472,0.00104235769727224,0.00405760114767107,0.00301524345039883
0.00183443334400072,0.00182272058023006,0.00149218796710286,0.00221273206307199,sampconfig_m0_w1.1_d0.2_t1_mg0.99_mm1_l2e+08_i2_s85456_diversified_m1_n100,100,2D_sel_bdg,1004.767263710558,sampconfig_m0_w1.1_d0.2_t1_mg0.99_mm1_l2e+08_i2_s85456,0.00101869920217062,0.00388747676812245,0.00286877756595183
0.00317309781105452,0.00311880982008005,0.00228531695801139,0.00418476301872919,sampconfig_m0_w1.1_d0.2_t1_mg0.99_mm1_l2e+08_i2_s85625_diversified_m1_n100,100,2D_sel_bdg,498.31809688344214,sampconfig_m0_w1.1_d0.2_t1_mg0.99_mm1_l2e+08_i2_s85625,0.00104487970797238,0.00417981079071881,0.00313493108274643
0.00180402007639466,0.0017830853911291,0.00138852117695743,0.00226842930577965,sampconfig_m0_w1.1_d0.2_t1_mg0.99_mm1_l2e+08_i3_s66240_diversified_m1_n100,100,2D_sel_bdg,1442.414552702561,sampconfig_m0_w1.1_d0.2_t1_mg0.99_mm1_l2e+08_i3_s66240,0.00101430450447468,0.00385584242288,0.00284153791840532
0.00369892068017991,0.00366355649049909,0.00280524781675502,0.00462709731645425,sampconfig_m0_w1.1_d0.2_t1_mg0.99_mm1_l2e+08_i3_s85208_diversified_m1_n100,100,2D_sel_bdg,363.95274565397375,sampconfig_m0_w1.1_d0.2_t1_mg0.99_mm1_l2e+08_i3_s85208,0.00105468317909795,0.00393377499633305,0.0028790918172351
0.00356992610989853,0.00351898584930012,0.00276310732378943,0.00448729879764655,sampconfig_m0_w1.1_d0.2_t1_mg0.99_mm1_l2e+08_i3_s98842_diversified_m1_n100,100,2D_sel_bdg,320.5547151427194,sampconfig_m0_w1.1_d0.2_t1_mg0.99_mm1_l2e+08_i3_s98842,0.00105960058886908,0.0039281841025344,0.0028685835136653196
0.00237542312161766,0.00235995580251901,0.00182490598465821,0.00293480090757862,sampconfig_m0_w1.1_d0.2_t1_mg0.99_mm1_l2e+08_i4_s16817_diversified_m1_n100,100,2D_sel_bdg,1080.955489908624,sampconfig_m0_w1.1_d0.2_t1_mg0.99_mm1_l2e+08_i4_s16817,0.00102538828883518,0.00383633843756151,0.00281095014872633
0.00178438256772862,0.00177171414528614,0.00129628857637646,0.00226274682601515,sampconfig_m0_w1.1_d0.2_t1_mg0.99_mm1_l2e+08_i4_s20946_diversified_m1_n100,100,2D_sel_bdg,877.7651727646667,sampconfig_m0_w1.1_d0.2_t1_mg0.99_mm1_l2e+08_i4_s20946,0.00105375299147524,0.0039031127392105,0.00284935974773526
0.00244910808713615,0.00245919451145997,0.00179357709770607,0.00300665944688521,sampconfig_m0_w1.1_d0.2_t1_mg0.99_mm1_l2e+08_i4_s60223_diversified_m1_n100,100,2D_sel_bdg,356.0100416445393,sampconfig_m0_w1.1_d0.2_t1_mg0.99_mm1_l2e+08_i4_s60223,0.00105093620960641,0.00393925305445617,0.0028883168448497597
0.00164585643904562,0.00161488700876885,0.00126265566611652,0.00207777166667405,sampconfig_m0_w1.1_d0.2_t1_mg0.99_mm1_l2e+08_i5_s2734_diversified_m1_n100,100,2D_sel_bdg,520.3352599711076,sampconfig_m0_w1.1_d0.2_t1_mg0.99_mm1_l2e+08_i5_s2734,0.00104745944838865,0.00389026895907204,0.0028428095106833905
0.00371923722839832,0.00369378418523259,0.00292744881782968,0.0046171941299828,sampconfig_m0_w1.1_d0.2_t1_mg0.99_mm1_l2e+08_i5_s58705_diversified_m1_n100,100,2D_sel_bdg,279.7468195321993,sampconfig_m0_w1.1_d0.2_t1_mg0.99_mm1_l2e+08_i5_s58705,0.00106110138682574,0.00396558110558905,0.00290447971876331
0.00256634496366082,0.00253610901827653,0.00189442418531322,0.0032936673332502,sampconfig_m0_w1.1_d0.2_t1_mg0.99_mm1_l2e+08_i5_s78486_diversified_m1_n100,100,2D_sel_bdg,315.82089794230797,sampconfig_m0_w1.1_d0.2_t1_mg0.99_mm1_l2e+08_i5_s78486,0.00104186501791473,0.00394755022090179,0.00290568520298706
0.00235743080817697,0.00233876253165052,0.00183226969302999,0.0029145320889429,sampconfig_m0_w1.1_d0.2_t1_mg0.99_mm1_l2e+08_i6_s57578_diversified_m1_n100,100,2D_sel_bdg,1332.4924145868224,sampconfig_m0_w1.1_d0.2_t1_mg0.99_mm1_l2e+08_i6_s57578,0.00105530958139328,0.00388767371937196,0.00283236413797868
0.00187573981336672,0.0018593153181026,0.00151495349517664,0.00227365657266866,sampconfig_m0_w1.1_d0.2_t1_mg0.99_mm1_l2e+08_i6_s71283_diversified_m1_n100,100,2D_sel_bdg,2295.6687515693893,sampconfig_m0_w1.1_d0.2_t1_mg0.99_mm1_l2e+08_i6_s71283,0.00101918768103213,0.00393989401306487,0.0029207063320327398
0.00333680445530677,0.00328410291600322,0.00252988756593805,0.00421481141840166,sampconfig_m0_w1.1_d0.2_t1_mg0.99_mm1_l2e+08_i6_s95418_diversified_m1_n100,100,2D_sel_bdg,315.8008961418221,sampconfig_m0_w1.1_d0.2_t1_mg0.99_mm1_l2e+08_i6_s95418,0.00101102113914825,0.00397382101312446,0.0029627998739762094
0.0026631331861776,0.00262791931953596,0.00199721538804231,0.00336411239894538,sampconfig_m0_w1.1_d0.2_t1_mg0.99_mm1_l2e+08_i7_s38125_diversified_m1_n100,100,2D_sel_bdg,816.4159337868698,sampconfig_m0_w1.1_d0.2_t1_mg0.99_mm1_l2e+08_i7_s38125,0.00106699321124363,0.00395724235528704,0.00289024914404341
0.00333959295101166,0.0033156446631628,0.00256846495682885,0.00417406820606068,sampconfig_m0_w1.1_d0.2_t1_mg0.99_mm1_l2e+08_i7_s66017_diversified_m1_n100,100,2D_sel_bdg,541.5451463902818,sampconfig_m0_w1.1_d0.2_t1_mg0.99_mm1_l2e+08_i7_s66017,0.00105743442947629,0.00383031369995812,0.00277287927048183
0.00214428484304071,0.00212494313316506,0.00166507853890895,0.00265881967038568,sampconfig_m0_w1.1_d0.2_t1_mg0.99_mm1_l2e+08_i7_s87032_diversified_m1_n100,100,2D_sel_bdg,840.6440787820633,sampconfig_m0_w1.1_d0.2_t1_mg0.99_mm1_l2e+08_i7_s87032,0.00105421845749792,0.00403887291823254,0.0029846544607346204
0.00302540106195509,0.00301636420413059,0.00235823182826908,0.00371170066690089,sampconfig_m0_w1.1_d0.2_t1_mg0.99_mm1_l2e+08_i8_s42120_diversified_m1_n100,100,2D_sel_bdg,400.5818003715646,sampconfig_m0_w1.1_d0.2_t1_mg0.99_mm1_l2e+08_i8_s42120,0.00104389527631653,0.00403645878750214,0.0029925635111856096
0.00260492255397233,0.00254163368478804,0.00182675214227242,0.00348525139469381,sampconfig_m0_w1.1_d0.2_t1_mg0.99_mm1_l2e+08_i8_s42970_diversified_m1_n100,100,2D_sel_bdg,217.24130104490257,sampconfig_m0_w1.1_d0.2_t1_mg0.99_mm1_l2e+08_i8_s42970,0.00103171860454889,0.00398765429468089,0.002955935690132
0.00198585337066512,0.00196357741512199,0.00154526624644129,0.00246090434097406,sampconfig_m0_w1.1_d0.2_t1_mg0.99_mm1_l2e+08_i8_s92702_diversified_m1_n100,100,2D_sel_bdg,902.9246855795373,sampconfig_m0_w1.1_d0.2_t1_mg0.99_mm1_l2e+08_i8_s92702,0.00104313751652016,0.00406263591135081,0.00301949839483065
0.00198408395818928,0.00196256315811306,0.00143646358334216,0.00258888316616485,sampconfig_m0_w1.1_d0.3_t1_mg0.99_mm1_l2e+08_i1_s7406_diversified_m1_n100,100,2D_sel_bdg,486.1523721955253,sampconfig_m0_w1.1_d0.3_t1_mg0.99_mm1_l2e+08_i1_s7406,0.00151301428542864,0.00403070536609314,0.0025176910806645
0.00425423956061791,0.00420378237110911,0.00324378559951091,0.0053706016213064,sampconfig_m0_w1.1_d0.3_t1_mg0.99_mm1_l2e+08_i1_s78236_diversified_m1_n100,100,2D_sel_bdg,248.4252984488336,sampconfig_m0_w1.1_d0.3_t1_mg0.99_mm1_l2e+08_i1_s78236,0.00152264832183993,0.00405439360689302,0.00253174528505309
0.00152514450425232,0.0015084885413055,0.0011278574016413,0.00193640550835309,sampconfig_m0_w1.1_d0.3_t1_mg0.99_mm1_l2e+08_i1_s78568_diversified_m1_n100,100,2D_sel_bdg,759.778036782419,sampconfig_m0_w1.1_d0.3_t1_mg0.99_mm1_l2e+08_i1_s78568,0.00150202029164924,0.00395924916294794,0.0024572288712986995
0.00154126233272121,0.00151930114821663,0.00112836092396475,0.001954042571963,sampconfig_m0_w1.1_d0.3_t1_mg0.99_mm1_l2e+08_i1_s8659_diversified_m1_n100,100,2D_sel_bdg,238.8136492162964,sampconfig_m0_w1.1_d0.3_t1_mg0.99_mm1_l2e+08_i1_s8659,0.00149033770905013,0.00388957777391891,0.00239924006486878
0.00164881073772012,0.00156916509216086,0.00105160631083008,0.00247693626292422,sampconfig_m0_w1.1_d0.3_t1_mg0.99_mm1_l2e+08_i2_s23234_diversified_m1_n100,100,2D_sel_bdg,307.75856474970004,sampconfig_m0_w1.1_d0.3_t1_mg0.99_mm1_l2e+08_i2_s23234,0.00153725260644635,0.00390910743170448,0.0023718548252581297
0.00159761188832643,0.00156988301140195,0.00105936567936897,0.00219337822888261,sampconfig_m0_w1.1_d0.3_t1_mg0.99_mm1_l2e+08_i2_s98708_diversified_m1_n100,100,2D_sel_bdg,580.4384166819566,sampconfig_m0_w1.1_d0.3_t1_mg0.99_mm1_l2e+08_i2_s98708,0.00153905581280753,0.00397840837478509,0.0024393525619775605
0.00207384484186466,0.00200607941074925,0.00139553635119903,0.00292287547669758,sampconfig_m0_w1.1_d0.3_t1_mg0.99_mm1_l2e+08_i2_s99146_diversified_m1_n100,100,2D_sel_bdg,455.07170514934626,sampconfig_m0_w1.1_d0.3_t1_mg0.99_mm1_l2e+08_i2_s99146,0.0015026095335538,0.0042084205448732,0.0027058110113194005
0.00192115470987221,0.00192520336892348,0.0013509151982665,0.00243781908753118,sampconfig_m0_w1.1_d0.3_t1_mg0.99_mm1_l2e+08_i3_s42354_diversified_m1_n100,100,2D_sel_bdg,288.61329844890514,sampconfig_m0_w1.1_d0.3_t1_mg0.99_mm1_l2e+08_i3_s42354,0.00151382072205829,0.00404149480994518,0.00252767408788689
0.00376566670800129,0.00370747686249249,0.00258199176601069,0.0050341169446819,sampconfig_m0_w1.1_d0.3_t1_mg0.99_mm1_l2e+08_i3_s83672_diversified_m1_n100,100,2D_sel_bdg,259.00080312958903,sampconfig_m0_w1.1_d0.3_t1_mg0.99_mm1_l2e+08_i3_s83672,0.00153963360144685,0.00407926095520269,0.0025396273537558398
0.0019140690655114,0.00186318535323158,0.00132231290250645,0.00262274910141256,sampconfig_m0_w1.1_d0.3_t1_mg0.99_mm1_l2e+08_i3_s93952_diversified_m1_n100,100,2D_sel_bdg,243.53841271194383,sampconfig_m0_w1.1_d0.3_t1_mg0.99_mm1_l2e+08_i3_s93952,0.00153596036183842,0.00397658082435018,0.00244062046251176
0.00186246465315875,0.00184875205288331,0.00135944400517709,0.00239114278579741,sampconfig_m0_w1.1_d0.3_t1_mg0.99_mm1_l2e+08_i4_s11916_diversified_m1_n100,100,2D_sel_bdg,463.6640786248838,sampconfig_m0_w1.1_d0.3_t1_mg0.99_mm1_l2e+08_i4_s11916,0.0015325643477842,0.00413377331790109,0.0026012089701168903
0.0024980797883036,0.00247410670249927,0.00188220388085196,0.00316547479233422,sampconfig_m0_w1.1_d0.3_t1_mg0.99_mm1_l2e+08_i4_s59275_diversified_m1_n100,100,2D_sel_bdg,721.212704947974,sampconfig_m0_w1.1_d0.3_t1_mg0.99_mm1_l2e+08_i4_s59275,0.00151471719204439,0.00404509664848468,0.0025303794564402898
0.00214335065073254,0.00209350769994914,0.00149783575774144,0.00287892586362249,sampconfig_m0_w1.1_d0.3_t1_mg0.99_mm1_l2e+08_i4_s95592_diversified_m1_n100,100,2D_sel_bdg,499.56256542753346,sampconfig_m0_w1.1_d0.3_t1_mg0.99_mm1_l2e+08_i4_s95592,0.00150778837072597,0.00393963770662161,0.00243184933589564
0.00167979832578549,0.00166193413469725,0.00127834399907298,0.00209934203424718,sampconfig_m0_w1.1_d0.3_t1_mg0.99_mm1_l2e+08_i5_s10605_diversified_m1_n100,100,2D_sel_bdg,1273.8587563882245,sampconfig_m0_w1.1_d0.3_t1_mg0.99_mm1_l2e+08_i5_s10605,0.0015351853674802,0.00424245168032103,0.00270726631284083
0.00164610192579087,0.00157853630797425,0.00117296116764988,0.0023063788900888,sampconfig_m0_w1.1_d0.3_t1_mg0.99_mm1_l2e+08_i5_s63993_diversified_m1_n100,100,2D_sel_bdg,463.27024659819824,sampconfig_m0_w1.1_d0.3_t1_mg0.99_mm1_l2e+08_i5_s63993,0.0015117839999986,0.00395379763314848,0.00244201363314988
0.0019570750207042,0.00193707544201895,0.00145681706643837,0.00247467137695172,sampconfig_m0_w1.1_d0.3_t1_mg0.99_mm1_l2e+08_i5_s82243_diversified_m1_n100,100,2D_sel_bdg,967.9205107535944,sampconfig_m0_w1.1_d0.3_t1_mg0.99_mm1_l2e+08_i5_s82243,0.00152396482049395,0.00412345791099886,0.0025994930905049105
0.00145224309997464,0.00143857843589489,0.00106965460963257,0.0018609109780289,sampconfig_m0_w1.1_d0.3_t1_mg0.99_mm1_l2e+08_i6_s4275_diversified_m1_n100,100,2D_sel_bdg,987.982299537968,sampconfig_m0_w1.1_d0.3_t1_mg0.99_mm1_l2e+08_i6_s4275,0.00150752885100135,0.00401049643751665,0.0025029675865153
0.0022253835576103,0.00221114482658435,0.00163347072486941,0.00285222653138582,sampconfig_m0_w1.1_d0.3_t1_mg0.99_mm1_l2e+08_i6_s69290_diversified_m1_n100,100,2D_sel_bdg,652.8217922685617,sampconfig_m0_w1.1_d0.3_t1_mg0.99_mm1_l2e+08_i6_s69290,0.00150999582639587,0.00403323343943899,0.00252323761304312
0.00258606447981328,0.00255606513095145,0.00192502707132337,0.00333863412959733,sampconfig_m0_w1.1_d0.3_t1_mg0.99_mm1_l2e+08_i7_s38188_diversified_m1_n100,100,2D_sel_bdg,363.29932994158946,sampconfig_m0_w1.1_d0.3_t1_mg0.99_mm1_l2e+08_i7_s38188,0.00152724847171668,0.00401815930436152,0.00249091083264484
0.00176566723358713,0.00175115884696153,0.00137373025025287,0.00218468848723999,sampconfig_m0_w1.1_d0.3_t1_mg0.99_mm1_l2e+08_i7_s41492_diversified_m1_n100,100,2D_sel_bdg,687.0294488353849,sampconfig_m0_w1.1_d0.3_t1_mg0.99_mm1_l2e+08_i7_s41492,0.00151286561021058,0.00406417066346464,0.00255130505325406
0.00133726244062215,0.00132301500083369,0.00106132397953342,0.00164338214899942,sampconfig_m0_w1.1_d0.3_t1_mg0.99_mm1_l2e+08_i7_s62095_diversified_m1_n100,100,2D_sel_bdg,1344.974464450344,sampconfig_m0_w1.1_d0.3_t1_mg0.99_mm1_l2e+08_i7_s62095,0.00149789123395393,0.00404909411676538,0.00255120288281145
0.00206320789380841,0.00204432745553058,0.00148572286941757,0.00267368736237482,sampconfig_m0_w1.1_d0.3_t1_mg0.99_mm1_l2e+08_i8_s88223_diversified_m1_n100,100,2D_sel_bdg,781.3045322010003,sampconfig_m0_w1.1_d0.3_t1_mg0.99_mm1_l2e+08_i8_s88223,0.00152037609420023,0.00408223712768464,0.0025618610334844096
0.00159684287364503,0.00157848801680755,0.00112533683591555,0.00207590297272596,sampconfig_m0_w1.1_d0.3_t1_mg0.99_mm1_l2e+08_i8_s92638_diversified_m1_n100,100,2D_sel_bdg,882.9634901672919,sampconfig_m0_w1.1_d0.3_t1_mg0.99_mm1_l2e+08_i8_s92638,0.00151291923697914,0.00401048080661822,0.0024975615696390804
0.00176461493412624,0.0017461830040183,0.0013095055256136,0.00225336114617785,sampconfig_m0_w1.1_d0.3_t1_mg0.99_mm1_l2e+08_i8_s96638_diversified_m1_n100,100,2D_sel_bdg,819.5964808603821,sampconfig_m0_w1.1_d0.3_t1_mg0.99_mm1_l2e+08_i8_s96638,0.0014931582608024,0.0039971028992772,0.0025039446384748
0.00105219079971853,0.00104442004965863,7.634276949362547e-4,0.00135461287689768,sampconfig_m0_w1.1_d0.4_t1_mg0.99_mm1_l2e+08_i1_s2768_diversified_m1_n100,100,2D_sel_bdg,621.1496915014742,sampconfig_m0_w1.1_d0.4_t1_mg0.99_mm1_l2e+08_i1_s2768,0.0019767980289932,0.00412711969064477,0.00215032166165157
0.00123811461392453,0.00122254000368831,8.396122379105907e-4,0.00166003710480768,sampconfig_m0_w1.1_d0.4_t1_mg0.99_mm1_l2e+08_i1_s34006_diversified_m1_n100,100,2D_sel_bdg,477.0629395742372,sampconfig_m0_w1.1_d0.4_t1_mg0.99_mm1_l2e+08_i1_s34006,0.00197130774434252,0.00410306647789364,0.00213175873355112
0.00111776553803403,0.00110117625692928,7.456515416017257e-4,0.00151328630579572,sampconfig_m0_w1.1_d0.4_t1_mg0.99_mm1_l2e+08_i1_s52146_diversified_m1_n100,100,2D_sel_bdg,438.5533632496272,sampconfig_m0_w1.1_d0.4_t1_mg0.99_mm1_l2e+08_i1_s52146,0.00197742048138823,0.00401819864661921,0.00204077816523098
0.00144392322815559,0.00143107542647397,0.00105957848717957,0.0018315833704632,sampconfig_m0_w1.1_d0.4_t1_mg0.99_mm1_l2e+08_i1_s65883_diversified_m1_n100,100,2D_sel_bdg,1033.3540773807763,sampconfig_m0_w1.1_d0.4_t1_mg0.99_mm1_l2e+08_i1_s65883,0.00198567170029016,0.00409977616931411,0.0021141044690239498
0.00171542850371913,0.00169733188191416,0.00123335548324259,0.00222429387693988,sampconfig_m0_w1.1_d0.4_t1_mg0.99_mm1_l2e+08_i2_s10365_diversified_m1_n100,100,2D_sel_bdg,597.2078848323733,sampconfig_m0_w1.1_d0.4_t1_mg0.99_mm1_l2e+08_i2_s10365,0.00200106842442764,0.00420966798943143,0.00220859956500379
0.00184616424035448,0.00181984291670583,0.00132443909471559,0.00240979788171218,sampconfig_m0_w1.1_d0.4_t1_mg0.99_mm1_l2e+08_i2_s27416_diversified_m1_n100,100,2D_sel_bdg,653.3424240140872,sampconfig_m0_w1.1_d0.4_t1_mg0.99_mm1_l2e+08_i2_s27416,0.00196060226142763,0.00417560218176913,0.0022149999203414997
0.00215721971608055,0.00213882963123379,0.0016144519348902,0.00271852987947883,sampconfig_m0_w1.1_d0.4_t1_mg0.99_mm1_l2e+08_i2_s60063_diversified_m1_n100,100,2D_sel_bdg,1058.1086116027932,sampconfig_m0_w1.1_d0.4_t1_mg0.99_mm1_l2e+08_i2_s60063,0.00197106114165538,0.00429929659990219,0.0023282354582468095
0.00120690787459324,0.00119329483065935,8.848187904976928e-4,0.00155212762148568,sampconfig_m0_w1.1_d0.4_t1_mg0.99_mm1_l2e+08_i3_s47654_diversified_m1_n100,100,2D_sel_bdg,661.4496427426253,sampconfig_m0_w1.1_d0.4_t1_mg0.99_mm1_l2e+08_i3_s47654,0.00196359132258131,0.00415503418598918,0.00219144286340787
0.00196919193165273,0.00193095366916633,0.00129085891993837,0.00272377983291132,sampconfig_m0_w1.1_d0.4_t1_mg0.99_mm1_l2e+08_i3_s58770_diversified_m1_n100,100,2D_sel_bdg,215.39873661560412,sampconfig_m0_w1.1_d0.4_t1_mg0.99_mm1_l2e+08_i3_s58770,0.00201579718436998,0.00413266941096853,0.0021168722265985504
0.00120985888631857,0.00119615970062774,8.751844151323491e-4,0.00157042525659954,sampconfig_m0_w1.1_d0.4_t1_mg0.99_mm1_l2e+08_i3_s90499_diversified_m1_n100,100,2D_sel_bdg,365.2724865389485,sampconfig_m0_w1.1_d0.4_t1_mg0.99_mm1_l2e+08_i3_s90499,0.00196147915873233,0.00406541264233537,0.0021039334836030397
0.00121145933256538,0.00117565840355375,7.763260380105935e-4,0.00171646099046888,sampconfig_m0_w1.1_d0.4_t1_mg0.99_mm1_l2e+08_i4_s30668_diversified_m1_n100,100,2D_sel_bdg,567.8765219006948,sampconfig_m0_w1.1_d0.4_t1_mg0.99_mm1_l2e+08_i4_s30668,0.00198222282808219,0.00407398234928785,0.0020917595212056597
0.00121220310682501,0.0011954121990891,8.401419921247326e-4,0.00159857398442424,sampconfig_m0_w1.1_d0.4_t1_mg0.99_mm1_l2e+08_i4_s59663_diversified_m1_n100,100,2D_sel_bdg,1189.7837570643926,sampconfig_m0_w1.1_d0.4_t1_mg0.99_mm1_l2e+08_i4_s59663,0.00196657722109245,0.00414346953300555,0.0021768923119130997
0.00135864894314256,0.00134097365577476,9.575520561875312e-4,0.00178575709368152,sampconfig_m0_w1.1_d0.4_t1_mg0.99_mm1_l2e+08_i4_s73875_diversified_m1_n100,100,2D_sel_bdg,753.1726188168583,sampconfig_m0_w1.1_d0.4_t1_mg0.99_mm1_l2e+08_i4_s73875,0.00198389837271492,0.00416185198626675,0.00217795361355183
0.00116581179119984,0.00114057477117411,7.429152692721657e-4,0.00165506597473936,sampconfig_m0_w1.1_d0.4_t1_mg0.99_mm1_l2e+08_i5_s24021_diversified_m1_n100,100,2D_sel_bdg,479.0900736021086,sampconfig_m0_w1.1_d0.4_t1_mg0.99_mm1_l2e+08_i5_s24021,0.00199928889194498,0.00417551597550913,0.0021762270835641506
0.00118045103222554,0.00115829847816394,7.670050349148174e-4,0.00162522724358417,sampconfig_m0_w1.1_d0.4_t1_mg0.99_mm1_l2e+08_i5_s54095_diversified_m1_n100,100,2D_sel_bdg,1132.138298128379,sampconfig_m0_w1.1_d0.4_t1_mg0.99_mm1_l2e+08_i5_s54095,0.00196253223397908,0.00418516204689422,0.0022226298129151404
9.739694177253828e-4,9.688790061241116e-4,7.133755578077917e-4,0.00124503908088858,sampconfig_m0_w1.1_d0.4_t1_mg0.99_mm1_l2e+08_i5_s79637_diversified_m1_n100,100,2D_sel_bdg,1372.139455513954,sampconfig_m0_w1.1_d0.4_t1_mg0.99_mm1_l2e+08_i5_s79637,0.00198247245147366,0.00402907708644331,0.00204660463496965
0.00130593829838463,0.00128746490389732,9.0092626330378e-4,0.00174289986485102,sampconfig_m0_w1.1_d0.4_t1_mg0.99_mm1_l2e+08_i6_s14492_diversified_m1_n100,100,2D_sel_bdg,1042.3865651105205,sampconfig_m0_w1.1_d0.4_t1_mg0.99_mm1_l2e+08_i6_s14492,0.00199347380908334,0.00431120445275548,0.0023177306436721395
0.00149877912633468,0.00148505379665725,0.00110010598404453,0.0019095590789957,sampconfig_m0_w1.1_d0.4_t1_mg0.99_mm1_l2e+08_i6_s1694_diversified_m1_n100,100,2D_sel_bdg,701.4377522335928,sampconfig_m0_w1.1_d0.4_t1_mg0.99_mm1_l2e+08_i6_s1694,0.00200193045215079,0.00424241390345139,0.0022404834513005995
0.00136993411595641,0.0013556357766686,9.72934192780215e-4,0.00178838357665405,sampconfig_m0_w1.1_d0.4_t1_mg0.99_mm1_l2e+08_i6_s75112_diversified_m1_n100,100,2D_sel_bdg,925.4587729415064,sampconfig_m0_w1.1_d0.4_t1_mg0.99_mm1_l2e+08_i6_s75112,0.00195276330057003,0.00404538957075586,0.00209262627018583
0.00157279296841888,0.00155943263161894,0.00115021166219622,0.00200880985798884,sampconfig_m0_w1.1_d0.4_t1_mg0.99_mm1_l2e+08_i7_s50029_diversified_m1_n100,100,2D_sel_bdg,667.1900120170224,sampconfig_m0_w1.1_d0.4_t1_mg0.99_mm1_l2e+08_i7_s50029,0.00195685352954565,0.0042750812776294,0.0023182277480837503
0.00102240121582665,0.00101218841390311,7.371651551373573e-4,0.00132363988980971,sampconfig_m0_w1.1_d0.4_t1_mg0.99_mm1_l2e+08_i7_s93367_diversified_m1_n100,100,2D_sel_bdg,916.3510675406052,sampconfig_m0_w1.1_d0.4_t1_mg0.99_mm1_l2e+08_i7_s93367,0.00195812604817829,0.00413633144582815,0.0021782053976498596
0.00145101104466552,0.00142423398040303,0.00103137196593179,0.00192228023478758,sampconfig_m0_w1.1_d0.4_t1_mg0.99_mm1_l2e+08_i7_s99378_diversified_m1_n100,100,2D_sel_bdg,876.8915848457347,sampconfig_m0_w1.1_d0.4_t1_mg0.99_mm1_l2e+08_i7_s99378,0.00199098952133319,0.0042617395764541,0.00227075005512091
0.00106193805349765,0.00105198639584036,7.714486013763512e-4,0.00135443961337405,sampconfig_m0_w1.1_d0.4_t1_mg0.99_mm1_l2e+08_i8_s62187_diversified_m1_n100,100,2D_sel_bdg,754.3205511088473,sampconfig_m0_w1.1_d0.4_t1_mg0.99_mm1_l2e+08_i8_s62187,0.00197306380155995,0.0040780128859729,0.0021049490844129498
0.00114583081890639,0.00113534803326847,8.331545524971704e-4,0.00147852841721114,sampconfig_m0_w1.1_d0.4_t1_mg0.99_mm1_l2e+08_i8_s79139_diversified_m1_n100,100,2D_sel_bdg,957.8327733457394,sampconfig_m0_w1.1_d0.4_t1_mg0.99_mm1_l2e+08_i8_s79139,0.00198744808010767,0.00410002419876932,0.0021125761186616505
0.00165044581939443,0.0016125716543592,0.00110749190309632,0.00229138910095493,sampconfig_m0_w1.1_d0.4_t1_mg0.99_mm1_l2e+08_i8_s94449_diversified_m1_n100,100,2D_sel_bdg,451.1184231280013,sampconfig_m0_w1.1_d0.4_t1_mg0.99_mm1_l2e+08_i8_s94449,0.001946251080922,0.0040276554756005,0.0020814043946784998
0.00110585298467496,0.00106703470394061,7.18660531844693e-4,0.00160278626549008,sampconfig_m0_w1.1_d0.5_t1_mg0.99_mm1_l2e+08_i1_s25635_diversified_m1_n100,100,2D_sel_bdg,330.2189100185774,sampconfig_m0_w1.1_d0.5_t1_mg0.99_mm1_l2e+08_i1_s25635,0.00245024252612489,0.004241208495636,0.0017909659695111101
9.6899407550952e-4,9.586089752706762e-4,7.033449199497474e-4,0.00125010986830274,sampconfig_m0_w1.1_d0.5_t1_mg0.99_mm1_l2e+08_i1_s5083_diversified_m1_n100,100,2D_sel_bdg,523.812569800031,sampconfig_m0_w1.1_d0.5_t1_mg0.99_mm1_l2e+08_i1_s5083,0.00245470227352109,0.00435978787606005,0.0019050856025389605
0.00113229295739677,0.00112135027458671,8.043262571860293e-4,0.00145872283939624,sampconfig_m0_w1.1_d0.5_t1_mg0.99_mm1_l2e+08_i1_s57268_diversified_m1_n100,100,2D_sel_bdg,702.6971155531767,sampconfig_m0_w1.1_d0.5_t1_mg0.99_mm1_l2e+08_i1_s57268,0.00241830174677547,0.00425593523559812,0.0018376334888226499
0.00120559740031994,0.00118522686464087,8.514397580208659e-4,0.00159697978704147,sampconfig_m0_w1.1_d0.5_t1_mg0.99_mm1_l2e+08_i1_s85129_diversified_m1_n100,100,2D_sel_bdg,766.9252189993089,sampconfig_m0_w1.1_d0.5_t1_mg0.99_mm1_l2e+08_i1_s85129,0.00244760344177751,0.00416013971312485,0.0017125362713473402
9.238109085321212e-4,9.15429094973242e-4,6.334206462984206e-4,0.00121282960312649,sampconfig_m0_w1.1_d0.5_t1_mg0.99_mm1_l2e+08_i2_s38076_diversified_m1_n100,100,2D_sel_bdg,885.6276287171061,sampconfig_m0_w1.1_d0.5_t1_mg0.99_mm1_l2e+08_i2_s38076,0.00243299356271508,0.00425371167022321,0.0018207181075081298
0.00134073543998885,0.00131325222446347,9.156891783381298e-4,0.00183716844173669,sampconfig_m0_w1.1_d0.5_t1_mg0.99_mm1_l2e+08_i2_s43976_diversified_m1_n100,100,2D_sel_bdg,829.2084232545451,sampconfig_m0_w1.1_d0.5_t1_mg0.99_mm1_l2e+08_i2_s43976,0.00247231870986527,0.00447246633321346,0.0020001476233481898
6.400679037897214e-4,6.310056516869434e-4,4.45995832043668e-4,8.494606617327255e-4,sampconfig_m0_w1.1_d0.5_t1_mg0.99_mm1_l2e+08_i2_s49595_diversified_m1_n100,100,2D_sel_bdg,779.3496644332042,sampconfig_m0_w1.1_d0.5_t1_mg0.99_mm1_l2e+08_i2_s49595,0.00242349686161093,0.00410142706059727,0.0016779301989863398
7.466862010948417e-4,7.378567252147347e-4,5.163021113809757e-4,9.947495543520056e-4,sampconfig_m0_w1.1_d0.5_t1_mg0.99_mm1_l2e+08_i3_s22213_diversified_m1_n100,100,2D_sel_bdg,968.2876053524192,sampconfig_m0_w1.1_d0.5_t1_mg0.99_mm1_l2e+08_i3_s22213,0.00244120868093369,0.00424562784334259,0.0018044191624089004
8.538827152836386e-4,8.439213871071845e-4,6.07865577732945e-4,0.00112099887209341,sampconfig_m0_w1.1_d0.5_t1_mg0.99_mm1_l2e+08_i3_s65083_diversified_m1_n100,100,2D_sel_bdg,642.2499016469394,sampconfig_m0_w1.1_d0.5_t1_mg0.99_mm1_l2e+08_i3_s65083,0.00244263851486466,0.00425372187633771,0.00181108336147305
0.00138586770845336,0.00137394724689609,0.0010043502206737,0.00179793985942637,sampconfig_m0_w1.1_d0.5_t1_mg0.99_mm1_l2e+08_i3_s84913_diversified_m1_n100,100,2D_sel_bdg,756.8580190822754,sampconfig_m0_w1.1_d0.5_t1_mg0.99_mm1_l2e+08_i3_s84913,0.00243015295470173,0.00434381359525062,0.0019136606405488897
0.00115653884398652,0.00114371533851875,8.3002137324212e-4,0.0014918396255641,sampconfig_m0_w1.1_d0.5_t1_mg0.99_mm1_l2e+08_i4_s61662_diversified_m1_n100,100,2D_sel_bdg,627.8504409693501,sampconfig_m0_w1.1_d0.5_t1_mg0.99_mm1_l2e+08_i4_s61662,0.00244040440707991,0.00419126766673027,0.0017508632596503603
7.418972074427587e-4,7.292249095982668e-4,5.273769614669582e-4,9.82626972584317e-4,sampconfig_m0_w1.1_d0.5_t1_mg0.99_mm1_l2e+08_i4_s67884_diversified_m1_n100,100,2D_sel_bdg,650.1608938565992,sampconfig_m0_w1.1_d0.5_t1_mg0.99_mm1_l2e+08_i4_s67884,0.0024275163453883,0.00413887772518238,0.00171136137979408
7.123581929695483e-4,7.039061998987397e-4,4.892312488834125e-4,9.446241790064225e-4,sampconfig_m0_w1.1_d0.5_t1_mg0.99_mm1_l2e+08_i4_s84793_diversified_m1_n100,100,2D_sel_bdg,748.3963589281263,sampconfig_m0_w1.1_d0.5_t1_mg0.99_mm1_l2e+08_i4_s84793,0.00245896487579404,0.00417245285413499,0.0017134879783409504
0.00106688615707814,0.00104526599303122,6.912506300592227e-4,0.00147773066153908,sampconfig_m0_w1.1_d0.5_t1_mg0.99_mm1_l2e+08_i5_s41038_diversified_m1_n100,100,2D_sel_bdg,526.5341855675603,sampconfig_m0_w1.1_d0.5_t1_mg0.99_mm1_l2e+08_i5_s41038,0.0024525482527668,0.00427622183248685,0.0018236735797200498
9.658119918448576e-4,9.51373546342112e-4,6.779309849093484e-4,0.00128130530237479,sampconfig_m0_w1.1_d0.5_t1_mg0.99_mm1_l2e+08_i5_s5454_diversified_m1_n100,100,2D_sel_bdg,794.7866989555708,sampconfig_m0_w1.1_d0.5_t1_mg0.99_mm1_l2e+08_i5_s5454,0.00245620971264594,0.00428251152689233,0.0018263018142463902
0.00125997131560554,0.00124790968775545,8.829452797218307e-4,0.0016701124558697,sampconfig_m0_w1.1_d0.5_t1_mg0.99_mm1_l2e+08_i5_s71934_diversified_m1_n100,100,2D_sel_bdg,665.6835001371749,sampconfig_m0_w1.1_d0.5_t1_mg0.99_mm1_l2e+08_i5_s71934,0.00243383395704647,0.00431144564073388,0.0018776116836874096
8.323316392825408e-4,8.210871456253618e-4,5.919571442891301e-4,0.00109446349111843,sampconfig_m0_w1.1_d0.5_t1_mg0.99_mm1_l2e+08_i6_s10386_diversified_m1_n100,100,2D_sel_bdg,663.0105499349726,sampconfig_m0_w1.1_d0.5_t1_mg0.99_mm1_l2e+08_i6_s10386,0.00244606107097436,0.00416623597073939,0.00172017489976503
7.995822645560957e-4,7.90934720143967e-4,5.691067349230087e-4,0.00104740191553761,sampconfig_m0_w1.1_d0.5_t1_mg0.99_mm1_l2e+08_i6_s69903_diversified_m1_n100,100,2D_sel_bdg,1098.82085986967,sampconfig_m0_w1.1_d0.5_t1_mg0.99_mm1_l2e+08_i6_s69903,0.00242172073846472,0.00425428329339457,0.0018325625549298502
0.00115870854338769,0.0011445986222636,7.782510851987271e-4,0.00156170119362923,sampconfig_m0_w1.1_d0.5_t1_mg0.99_mm1_l2e+08_i6_s75713_diversified_m1_n100,100,2D_sel_bdg,956.7614157983616,sampconfig_m0_w1.1_d0.5_t1_mg0.99_mm1_l2e+08_i6_s75713,0.00244045734603064,0.004173814311954,0.0017333569659233597
0.00120343711751187,0.00118893578885508,8.387310237409856e-4,0.00157755113116263,sampconfig_m0_w1.1_d0.5_t1_mg0.99_mm1_l2e+08_i7_s12650_diversified_m1_n100,100,2D_sel_bdg,483.7545495068184,sampconfig_m0_w1.1_d0.5_t1_mg0.99_mm1_l2e+08_i7_s12650,0.00241349360507106,0.00436210295809729,0.0019486093530262302
9.052645282090364e-4,8.914380337556797e-4,6.258492454871221e-4,0.00120744172053086,sampconfig_m0_w1.1_d0.5_t1_mg0.99_mm1_l2e+08_i7_s42078_diversified_m1_n100,100,2D_sel_bdg,480.4789709506229,sampconfig_m0_w1.1_d0.5_t1_mg0.99_mm1_l2e+08_i7_s42078,0.00240532394834408,0.00419073300873125,0.0017854090603871705
0.00130216729512435,0.00124400307692197,8.332060123653793e-4,0.00191200216645713,sampconfig_m0_w1.1_d0.5_t1_mg0.99_mm1_l2e+08_i7_s44787_diversified_m1_n100,100,2D_sel_bdg,257.04404712628536,sampconfig_m0_w1.1_d0.5_t1_mg0.99_mm1_l2e+08_i7_s44787,0.00246278401406554,0.00440586807464103,0.0019430840605754898
8.589987912831793e-4,8.48184064250243e-4,5.988218298578687e-4,0.00114176631045177,sampconfig_m0_w1.1_d0.5_t1_mg0.99_mm1_l2e+08_i8_s21118_diversified_m1_n100,100,2D_sel_bdg,511.3697729685141,sampconfig_m0_w1.1_d0.5_t1_mg0.99_mm1_l2e+08_i8_s21118,0.00246535416896804,0.0041173851097353,0.0016520309407672602
7.79784536667875e-4,7.671039061233264e-4,5.174538558976434e-4,0.00105888867226623,sampconfig_m0_w1.1_d0.5_t1_mg0.99_mm1_l2e+08_i8_s26710_diversified_m1_n100,100,2D_sel_bdg,835.1696230327511,sampconfig_m0_w1.1_d0.5_t1_mg0.99_mm1_l2e+08_i8_s26710,0.00244341253990304,0.00417485124722285,0.00173143870731981
0.00125636571058058,0.00124181443685784,8.847303069408282e-4,0.00165367055025709,sampconfig_m0_w1.1_d0.5_t1_mg0.99_mm1_l2e+08_i8_s29137_diversified_m1_n100,100,2D_sel_bdg,806.7116917797233,sampconfig_m0_w1.1_d0.5_t1_mg0.99_mm1_l2e+08_i8_s29137,0.00245024267039132,0.0043106034006933,0.00186036073030198
6.192183715018116e-4,6.113446112387201e-4,4.2077647922229193e-4,8.283909828102479e-4,sampconfig_m0_w1.1_d0.6_t1_mg0.99_mm1_l2e+08_i1_s22251_diversified_m1_n100,100,2D_sel_bdg,926.9203515808628,sampconfig_m0_w1.1_d0.6_t1_mg0.99_mm1_l2e+08_i1_s22251,0.00292108200957284,0.00450770785455354,0.0015866258449806995
6.999198854962147e-4,6.860635280089407e-4,4.427828931273703e-4,9.868531933454265e-4,sampconfig_m0_w1.1_d0.6_t1_mg0.99_mm1_l2e+08_i1_s71035_diversified_m1_n100,100,2D_sel_bdg,853.821646034972,sampconfig_m0_w1.1_d0.6_t1_mg0.99_mm1_l2e+08_i1_s71035,0.00289136641074529,0.00439453949119461,0.0015031730804493204
9.098541940592062e-4,8.944267300956035e-4,5.950901782164422e-4,0.00126056530403338,sampconfig_m0_w1.1_d0.6_t1_mg0.99_mm1_l2e+08_i1_s84097_diversified_m1_n100,100,2D_sel_bdg,460.5396271000022,sampconfig_m0_w1.1_d0.6_t1_mg0.99_mm1_l2e+08_i1_s84097,0.00290096877662345,0.00460428248530002,0.0017033137086765703
9.782448583703298e-4,9.627157904781396e-4,6.020725645078009e-4,0.00136517317171011,sampconfig_m0_w1.1_d0.6_t1_mg0.99_mm1_l2e+08_i2_s15027_diversified_m1_n100,100,2D_sel_bdg,604.8724817991264,sampconfig_m0_w1.1_d0.6_t1_mg0.99_mm1_l2e+08_i2_s15027,0.00290034803185891,0.00436035751262105,0.0014600094807621401
6.063389296132719e-4,5.992745003050732e-4,4.077289120801731e-4,8.28970541472692e-4,sampconfig_m0_w1.1_d0.6_t1_mg0.99_mm1_l2e+08_i2_s89440_diversified_m1_n100,100,2D_sel_bdg,632.1825118012908,sampconfig_m0_w1.1_d0.6_t1_mg0.99_mm1_l2e+08_i2_s89440,0.00289075615380345,0.00436461639511727,0.0014738602413138196
0.00111427990983136,0.00109738212578665,7.96716817328687e-4,0.00146605444911245,sampconfig_m0_w1.1_d0.6_t1_mg0.99_mm1_l2e+08_i2_s99412_diversified_m1_n100,100,2D_sel_bdg,685.9508352116103,sampconfig_m0_w1.1_d0.6_t1_mg0.99_mm1_l2e+08_i2_s99412,0.00290794927039614,0.00461769591773264,0.0017097466473364998
8.65996771929774e-4,8.39113771962139e-4,5.475746812616454e-4,0.00124845752011588,sampconfig_m0_w1.1_d0.6_t1_mg0.99_mm1_l2e+08_i3_s14393_diversified_m1_n100,100,2D_sel_bdg,632.2158616073068,sampconfig_m0_w1.1_d0.6_t1_mg0.99_mm1_l2e+08_i3_s14393,0.00290370934992317,0.00443973388915249,0.00153602453922932
6.798832630633304e-4,6.732284395974483e-4,4.712542185362212e-4,8.996314646415209e-4,sampconfig_m0_w1.1_d0.6_t1_mg0.99_mm1_l2e+08_i3_s27741_diversified_m1_n100,100,2D_sel_bdg,724.4351295168028,sampconfig_m0_w1.1_d0.6_t1_mg0.99_mm1_l2e+08_i3_s27741,0.00287673907430936,0.00441654853131064,0.0015398094570012798
7.163594729960401e-4,6.813765540559778e-4,4.147353105304316e-4,0.00110459222857595,sampconfig_m0_w1.1_d0.6_t1_mg0.99_mm1_l2e+08_i3_s72205_diversified_m1_n100,100,2D_sel_bdg,275.7653615687044,sampconfig_m0_w1.1_d0.6_t1_mg0.99_mm1_l2e+08_i3_s72205,0.00288298005004065,0.00426873290357042,0.00138575285352977
9.477556926344732e-4,9.324255623037522e-4,6.540706017524011e-4,0.00127690757866442,sampconfig_m0_w1.1_d0.6_t1_mg0.99_mm1_l2e+08_i4_s25147_diversified_m1_n100,100,2D_sel_bdg,612.2722519355111,sampconfig_m0_w1.1_d0.6_t1_mg0.99_mm1_l2e+08_i4_s25147,0.00293139456773015,0.00491675425054128,0.00198535968281113
7.852747105912819e-4,7.770704623674093e-4,5.406906888811525e-4,0.00104208274746927,sampconfig_m0_w1.1_d0.6_t1_mg0.99_mm1_l2e+08_i4_s3029_diversified_m1_n100,100,2D_sel_bdg,997.8652630656616,sampconfig_m0_w1.1_d0.6_t1_mg0.99_mm1_l2e+08_i4_s3029,0.00288225789928483,0.00458089208166689,0.00169863418238206
8.06954817934769e-4,7.90222529300389e-4,4.940648368191487e-4,0.00115357948186293,sampconfig_m0_w1.1_d0.6_t1_mg0.99_mm1_l2e+08_i4_s92105_diversified_m1_n100,100,2D_sel_bdg,789.1841453830327,sampconfig_m0_w1.1_d0.6_t1_mg0.99_mm1_l2e+08_i4_s92105,0.00286123722739503,0.00444477130952257,0.0015835340821275402
5.792438656129153e-4,5.693515006923499e-4,3.678372900458825e-4,8.082907120628754e-4,sampconfig_m0_w1.1_d0.6_t1_mg0.99_mm1_l2e+08_i5_s25979_diversified_m1_n100,100,2D_sel_bdg,1232.188660235048,sampconfig_m0_w1.1_d0.6_t1_mg0.99_mm1_l2e+08_i5_s25979,0.00289530995650885,0.00454537034305655,0.0016500603865477002
6.569378481321446e-4,6.492711775620511e-4,4.580680648364271e-4,8.632379803644438e-4,sampconfig_m0_w1.1_d0.6_t1_mg0.99_mm1_l2e+08_i5_s2714_diversified_m1_n100,100,2D_sel_bdg,945.0719907338516,sampconfig_m0_w1.1_d0.6_t1_mg0.99_mm1_l2e+08_i5_s2714,0.00291496511312262,0.00453450085810595,0.0016195357449833303
4.55136688102612e-4,4.433814471668e-4,2.7113056090993337e-4,6.550416144155244e-4,sampconfig_m0_w1.1_d0.6_t1_mg0.99_mm1_l2e+08_i5_s27621_diversified_m1_n100,100,2D_sel_bdg,873.0404812676843,sampconfig_m0_w1.1_d0.6_t1_mg0.99_mm1_l2e+08_i5_s27621,0.0029230223835261,0.00431901793566598,0.00139599555213988
5.421970327816898e-4,5.332056300672704e-4,3.602120124705879e-4,7.381012852943064e-4,sampconfig_m0_w1.1_d0.6_t1_mg0.99_mm1_l2e+08_i6_s41749_diversified_m1_n100,100,2D_sel_bdg,553.8204583780573,sampconfig_m0_w1.1_d0.6_t1_mg0.99_mm1_l2e+08_i6_s41749,0.00288716686508888,0.00433692739701026,0.0014497605319213798
0.00102144425870036,0.0010125131704448,7.239884771116723e-4,0.00134159400010515,sampconfig_m0_w1.1_d0.6_t1_mg0.99_mm1_l2e+08_i6_s71019_diversified_m1_n100,100,2D_sel_bdg,699.5696187854192,sampconfig_m0_w1.1_d0.6_t1_mg0.99_mm1_l2e+08_i6_s71019,0.00293312909090229,0.00450335466370712,0.0015702255728048298
7.172414108329416e-4,7.005737796018655e-4,4.347411653222086e-4,0.00102863110751908,sampconfig_m0_w1.1_d0.6_t1_mg0.99_mm1_l2e+08_i6_s75523_diversified_m1_n100,100,2D_sel_bdg,873.2632732733509,sampconfig_m0_w1.1_d0.6_t1_mg0.99_mm1_l2e+08_i6_s75523,0.00290258037348687,0.00419986983368606,0.0012972894601991896
0.0011514038759443,0.00114099593553111,7.554725504675518e-4,0.00154797793865763,sampconfig_m0_w1.1_d0.6_t1_mg0.99_mm1_l2e+08_i7_s15570_diversified_m1_n100,100,2D_sel_bdg,626.4786842375227,sampconfig_m0_w1.1_d0.6_t1_mg0.99_mm1_l2e+08_i7_s15570,0.00291515784080635,0.00458586093446443,0.00167070309365808
7.970354761867515e-4,7.881809464164319e-4,5.579964005731477e-4,0.00104369134404226,sampconfig_m0_w1.1_d0.6_t1_mg0.99_mm1_l2e+08_i7_s29878_diversified_m1_n100,100,2D_sel_bdg,704.8271820469758,sampconfig_m0_w1.1_d0.6_t1_mg0.99_mm1_l2e+08_i7_s29878,0.0028915953048224,0.0045052448120648,0.0016136495072424004
7.15266182193534e-4,7.044382706960679e-4,5.026834998757803e-4,9.555974036163044e-4,sampconfig_m0_w1.1_d0.6_t1_mg0.99_mm1_l2e+08_i7_s88616_diversified_m1_n100,100,2D_sel_bdg,841.6411939238595,sampconfig_m0_w1.1_d0.6_t1_mg0.99_mm1_l2e+08_i7_s88616,0.00288328102421522,0.0044461890858714,0.0015629080616561802
8.039844867396153e-4,7.849657872704436e-4,5.212958295455724e-4,0.00111573848492093,sampconfig_m0_w1.1_d0.6_t1_mg0.99_mm1_l2e+08_i8_s2662_diversified_m1_n100,100,2D_sel_bdg,589.8291588012013,sampconfig_m0_w1.1_d0.6_t1_mg0.99_mm1_l2e+08_i8_s2662,0.00287254337588066,0.00433706922770224,0.0014645258518215798
0.00106224860536946,0.00104462029640939,7.279544893674687e-4,0.00143928237631336,sampconfig_m0_w1.1_d0.6_t1_mg0.99_mm1_l2e+08_i8_s32679_diversified_m1_n100,100,2D_sel_bdg,651.4548384619158,sampconfig_m0_w1.1_d0.6_t1_mg0.99_mm1_l2e+08_i8_s32679,0.00291473369268662,0.00452510868244751,0.00161037498976089
7.35117924596502e-4,7.253643943394592e-4,4.922368764678265e-4,0.00100464484451241,sampconfig_m0_w1.1_d0.6_t1_mg0.99_mm1_l2e+08_i8_s69890_diversified_m1_n100,100,2D_sel_bdg,498.1432649491336,sampconfig_m0_w1.1_d0.6_t1_mg0.99_mm1_l2e+08_i8_s69890,0.00288731191918529,0.00422193551690742,0.00133462359772213
5.133626324386271e-4,5.049321403228214e-4,3.0193673392855903e-4,7.347102481619304e-4,sampconfig_m0_w1.1_d0.7_t1_mg0.99_mm1_l2e+08_i1_s20287_diversified_m1_n100,100,2D_sel_bdg,471.0697245170573,sampconfig_m0_w1.1_d0.7_t1_mg0.99_mm1_l2e+08_i1_s20287,0.00335476710540642,0.00460528390308971,0.0012505167976832898
8.230584712219899e-4,8.112499369472919e-4,5.426846178165391e-4,0.00113231294637162,sampconfig_m0_w1.1_d0.7_t1_mg0.99_mm1_l2e+08_i1_s25431_diversified_m1_n100,100,2D_sel_bdg,634.1703544763067,sampconfig_m0_w1.1_d0.7_t1_mg0.99_mm1_l2e+08_i1_s25431,0.00336828316402638,0.00496179548311833,0.00159351231909195
7.024087321897569e-4,6.93475023523734e-4,4.548750992366456e-4,9.655467255220316e-4,sampconfig_m0_w1.1_d0.7_t1_mg0.99_mm1_l2e+08_i1_s31749_diversified_m1_n100,100,2D_sel_bdg,651.8841450428741,sampconfig_m0_w1.1_d0.7_t1_mg0.99_mm1_l2e+08_i1_s31749,0.00338219255791971,0.00460006740060924,0.0012178748426895296
8.504379481955563e-4,8.366665472440739e-4,5.627219353327173e-4,0.00118029374632851,sampconfig_m0_w1.1_d0.7_t1_mg0.99_mm1_l2e+08_i1_s35515_diversified_m1_n100,100,2D_sel_bdg,413.9660024807353,sampconfig_m0_w1.1_d0.7_t1_mg0.99_mm1_l2e+08_i1_s35515,0.00336720699033247,0.00477935353149931,0.00141214654116684
5.285742825303232e-4,5.176631350276779e-4,3.1556256677445053e-4,7.617513467742224e-4,sampconfig_m0_w1.1_d0.7_t1_mg0.99_mm1_l2e+08_i2_s34236_diversified_m1_n100,100,2D_sel_bdg,384.49269185271095,sampconfig_m0_w1.1_d0.7_t1_mg0.99_mm1_l2e+08_i2_s34236,0.00336735184128132,0.00467728787284472,0.0013099360315633997
7.757900392125487e-4,7.65635757853554e-4,5.256493747694509e-4,0.00104025972715012,sampconfig_m0_w1.1_d0.7_t1_mg0.99_mm1_l2e+08_i2_s77065_diversified_m1_n100,100,2D_sel_bdg,354.9504726477864,sampconfig_m0_w1.1_d0.7_t1_mg0.99_mm1_l2e+08_i2_s77065,0.00336010012279644,0.00475078261746586,0.0013906824946694199
6.88301130320843e-4,6.8604639473573e-4,4.53954668049824e-4,9.49362868838384e-4,sampconfig_m0_w1.1_d0.7_t1_mg0.99_mm1_l2e+08_i2_s94529_diversified_m1_n100,100,2D_sel_bdg,414.47785694707255,sampconfig_m0_w1.1_d0.7_t1_mg0.99_mm1_l2e+08_i2_s94529,0.0033573494000928,0.00471806610584747,0.0013607167057546696
5.744345404359282e-4,5.653106773054091e-4,3.794688315630518e-4,7.869290517356722e-4,sampconfig_m0_w1.1_d0.7_t1_mg0.99_mm1_l2e+08_i3_s1059_diversified_m1_n100,100,2D_sel_bdg,598.0816014563403,sampconfig_m0_w1.1_d0.7_t1_mg0.99_mm1_l2e+08_i3_s1059,0.00339619786459586,0.0049331113356769,0.00153691347108104
5.748473536001896e-4,5.689314714884502e-4,3.7825381090220384e-4,7.800964127738122e-4,sampconfig_m0_w1.1_d0.7_t1_mg0.99_mm1_l2e+08_i3_s28466_diversified_m1_n100,100,2D_sel_bdg,588.3392762640162,sampconfig_m0_w1.1_d0.7_t1_mg0.99_mm1_l2e+08_i3_s28466,0.00336873220338771,0.00462572342217323,0.0012569912187855204
3.516546463252502e-4,3.392186755101299e-4,1.497156796453423e-4,5.84705386196753e-4,sampconfig_m0_w1.1_d0.7_t1_mg0.99_mm1_l2e+08_i3_s55145_diversified_m1_n100,100,2D_sel_bdg,604.050460523558,sampconfig_m0_w1.1_d0.7_t1_mg0.99_mm1_l2e+08_i3_s55145,0.00335162891251247,0.00456895458957756,0.0012173256770650898
7.261760247909401e-4,7.07373380334581e-4,4.370369821856888e-4,0.00104661585132443,sampconfig_m0_w1.1_d0.7_t1_mg0.99_mm1_l2e+08_i4_s32302_diversified_m1_n100,100,2D_sel_bdg,658.5890781661475,sampconfig_m0_w1.1_d0.7_t1_mg0.99_mm1_l2e+08_i4_s32302,0.0033693372991743,0.00449954788163098,0.0011302105824566797
5.219764280951501e-4,5.111771053292937e-4,3.030528432785049e-4,8.228993216524039e-4,sampconfig_m0_w1.1_d0.7_t1_mg0.99_mm1_l2e+08_i4_s37624_diversified_m1_n100,100,2D_sel_bdg,447.5598067662074,sampconfig_m0_w1.1_d0.7_t1_mg0.99_mm1_l2e+08_i4_s37624,0.00340179523244486,0.00472679912320557,0.0013250038907607104
6.947157873232692e-4,6.842939991276713e-4,3.9771024003894327e-4,9.98544063138984e-4,sampconfig_m0_w1.1_d0.7_t1_mg0.99_mm1_l2e+08_i4_s61434_diversified_m1_n100,100,2D_sel_bdg,540.7877720854,sampconfig_m0_w1.1_d0.7_t1_mg0.99_mm1_l2e+08_i4_s61434,0.00335256187210238,0.004468960583944,0.0011163987118416202
5.695388036374925e-4,5.58673155590442e-4,3.765779435006291e-4,7.849464584718934e-4,sampconfig_m0_w1.1_d0.7_t1_mg0.99_mm1_l2e+08_i5_s15112_diversified_m1_n100,100,2D_sel_bdg,717.578803206751,sampconfig_m0_w1.1_d0.7_t1_mg0.99_mm1_l2e+08_i5_s15112,0.00337992798367432,0.00469672783320305,0.0013167998495287304
3.4688233717789933e-4,3.417739910495128e-4,1.8276708709025723e-4,5.246045928180947e-4,sampconfig_m0_w1.1_d0.7_t1_mg0.99_mm1_l2e+08_i5_s26999_diversified_m1_n100,100,2D_sel_bdg,340.62196525579424,sampconfig_m0_w1.1_d0.7_t1_mg0.99_mm1_l2e+08_i5_s26999,0.00335591682302111,0.0045222473914047,0.0011663305683835903
4.3641236737970425e-4,4.2819108282554706e-4,2.205984639579448e-4,6.695496480944444e-4,sampconfig_m0_w1.1_d0.7_t1_mg0.99_mm1_l2e+08_i5_s37299_diversified_m1_n100,100,2D_sel_bdg,1130.5445432743647,sampconfig_m0_w1.1_d0.7_t1_mg0.99_mm1_l2e+08_i5_s37299,0.00334732568993529,0.00467995402541348,0.0013326283354781906
8.509400710076259e-4,8.368664771470212e-4,5.485866486982399e-4,0.00118091764735311,sampconfig_m0_w1.1_d0.7_t1_mg0.99_mm1_l2e+08_i6_s58929_diversified_m1_n100,100,2D_sel_bdg,607.087703671025,sampconfig_m0_w1.1_d0.7_t1_mg0.99_mm1_l2e+08_i6_s58929,0.00339762852896066,0.00490897207617232,0.0015113435472116602
4.2370680019222226e-4,4.168587112849e-4,2.642267064729071e-4,5.910012366847238e-4,sampconfig_m0_w1.1_d0.7_t1_mg0.99_mm1_l2e+08_i6_s88154_diversified_m1_n100,100,2D_sel_bdg,683.9868495000372,sampconfig_m0_w1.1_d0.7_t1_mg0.99_mm1_l2e+08_i6_s88154,0.00338353766379285,0.00466849945123426,0.0012849617874414096
7.959259552503528e-4,7.792035121609914e-4,5.043328604020975e-4,0.00111823746599709,sampconfig_m0_w1.1_d0.7_t1_mg0.99_mm1_l2e+08_i7_s65477_diversified_m1_n100,100,2D_sel_bdg,533.2705749616812,sampconfig_m0_w1.1_d0.7_t1_mg0.99_mm1_l2e+08_i7_s65477,0.00335286861087517,0.00476692903444974,0.0014140604235745704
8.08800601406578e-4,7.985244467524791e-4,5.202718228057336e-4,0.0011041223903162,sampconfig_m0_w1.1_d0.7_t1_mg0.99_mm1_l2e+08_i7_s95375_diversified_m1_n100,100,2D_sel_bdg,542.6635763142123,sampconfig_m0_w1.1_d0.7_t1_mg0.99_mm1_l2e+08_i7_s95375,0.00334384623786164,0.00467834021759198,0.0013344939797303398
6.352329274703143e-4,6.286686104956834e-4,3.828029474801475e-4,8.90978151482473e-4,sampconfig_m0_w1.1_d0.7_t1_mg0.99_mm1_l2e+08_i8_s65779_diversified_m1_n100,100,2D_sel_bdg,386.2194587476058,sampconfig_m0_w1.1_d0.7_t1_mg0.99_mm1_l2e+08_i8_s65779,0.00337602797478848,0.00463444666136631,0.00125841868657783
6.793727554932186e-4,6.669927827475455e-4,4.5251280962566465e-4,9.252316879915488e-4,sampconfig_m0_w1.1_d0.7_t1_mg0.99_mm1_l2e+08_i8_s68616_diversified_m1_n100,100,2D_sel_bdg,682.2781064662956,sampconfig_m0_w1.1_d0.7_t1_mg0.99_mm1_l2e+08_i8_s68616,0.00338504402382831,0.00464354984769042,0.00125850582386211
4.87114618462648e-4,4.813168829794561e-4,3.240440566802032e-4,6.635973380520559e-4,sampconfig_m0_w1.1_d0.7_t1_mg0.99_mm1_l2e+08_i8_s91991_diversified_m1_n100,100,2D_sel_bdg,727.0393172219111,sampconfig_m0_w1.1_d0.7_t1_mg0.99_mm1_l2e+08_i8_s91991,0.00337043443138878,0.00452390636970712,0.0011534719383183402
4.0906231922521464e-4,4.0189766344272515e-4,2.284315856035952e-4,5.941059377183964e-4,sampconfig_m0_w1.1_d0.8_t1_mg0.99_mm1_l2e+08_i1_s27521_diversified_m1_n100,100,2D_sel_bdg,377.5356892766688,sampconfig_m0_w1.1_d0.8_t1_mg0.99_mm1_l2e+08_i1_s27521,0.00387039678960645,0.00487108676386261,0.0010006899742561596
3.2075518756120885e-4,3.151737150035084e-4,1.789124235632019e-4,4.818466673169666e-4,sampconfig_m0_w1.1_d0.8_t1_mg0.99_mm1_l2e+08_i1_s71410_diversified_m1_n100,100,2D_sel_bdg,493.55202849703056,sampconfig_m0_w1.1_d0.8_t1_mg0.99_mm1_l2e+08_i1_s71410,0.00386114535423504,0.00508543800928609,0.0012242926550510504
2.9949231630806535e-4,2.9411615529835445e-4,1.38537971567847e-4,4.655862044281931e-4,sampconfig_m0_w1.1_d0.8_t1_mg0.99_mm1_l2e+08_i1_s9115_diversified_m1_n100,100,2D_sel_bdg,617.7753514459613,sampconfig_m0_w1.1_d0.8_t1_mg0.99_mm1_l2e+08_i1_s9115,0.00381177239330084,0.00472997639915724,9.182040058563997e-4
4.3938450097592586e-4,4.335727389540667e-4,2.7029499295743906e-4,6.191589963833912e-4,sampconfig_m0_w1.1_d0.8_t1_mg0.99_mm1_l2e+08_i1_s92288_diversified_m1_n100,100,2D_sel_bdg,421.88756413868214,sampconfig_m0_w1.1_d0.8_t1_mg0.99_mm1_l2e+08_i1_s92288,0.00381407212309458,0.00475493791160256,9.408657885079798e-4
7.367366852020614e-4,7.246116337595422e-4,4.938304805386252e-4,9.999397958525172e-4,sampconfig_m0_w1.1_d0.8_t1_mg0.99_mm1_l2e+08_i2_s57657_diversified_m1_n100,100,2D_sel_bdg,342.3006066451211,sampconfig_m0_w1.1_d0.8_t1_mg0.99_mm1_l2e+08_i2_s57657,0.00389151249336924,0.00503005578634509,0.0011385432929758499
4.155400860834857e-4,4.04946329614648e-4,2.189016459093617e-4,6.340171841724904e-4,sampconfig_m0_w1.1_d0.8_t1_mg0.99_mm1_l2e+08_i3_s30443_diversified_m1_n100,100,2D_sel_bdg,503.6696463918136,sampconfig_m0_w1.1_d0.8_t1_mg0.99_mm1_l2e+08_i3_s30443,0.0038789931863918,0.00479810824934988,9.1911506295808e-4
7.178261323709114e-4,7.066200149140212e-4,4.519522469822969e-4,0.00100686822739704,sampconfig_m0_w1.1_d0.8_t1_mg0.99_mm1_l2e+08_i3_s77935_diversified_m1_n100,100,2D_sel_bdg,418.73712752485824,sampconfig_m0_w1.1_d0.8_t1_mg0.99_mm1_l2e+08_i3_s77935,0.0038519643118121,0.00538815109691262,0.0015361867851005203
5.418242754049667e-4,5.332432282335758e-4,3.4189237368972586e-4,7.417871591882444e-4,sampconfig_m0_w1.1_d0.8_t1_mg0.99_mm1_l2e+08_i4_s19218_diversified_m1_n100,100,2D_sel_bdg,327.27216963941163,sampconfig_m0_w1.1_d0.8_t1_mg0.99_mm1_l2e+08_i4_s19218,0.00384453172961214,0.00482398107721092,9.7944934759878e-4
7.578297525075232e-4,7.406376365700504e-4,4.886349236674999e-4,0.00106299018642832,sampconfig_m0_w1.1_d0.8_t1_mg0.99_mm1_l2e+08_i4_s21145_diversified_m1_n100,100,2D_sel_bdg,387.8746260480363,sampconfig_m0_w1.1_d0.8_t1_mg0.99_mm1_l2e+08_i4_s21145,0.00387134783934858,0.0049654926566127,0.0010941448172641201
7.617463760901798e-4,7.456652571304295e-4,4.415488860477933e-4,0.00110873306513172,sampconfig_m0_w1.1_d0.8_t1_mg0.99_mm1_l2e+08_i4_s59255_diversified_m1_n100,100,2D_sel_bdg,608.4757463895909,sampconfig_m0_w1.1_d0.8_t1_mg0.99_mm1_l2e+08_i4_s59255,0.00384957967141543,0.00510379323883917,0.0012542135674237405
6.293962554945209e-4,6.18413224601012e-4,4.156700198989657e-4,8.667538548283672e-4,sampconfig_m0_w1.1_d0.8_t1_mg0.99_mm1_l2e+08_i5_s59050_diversified_m1_n100,100,2D_sel_bdg,299.2325816007602,sampconfig_m0_w1.1_d0.8_t1_mg0.99_mm1_l2e+08_i5_s59050,0.00384448921092148,0.00532190431422636,0.00147741510330488
7.230838929072978e-4,7.081209747162829e-4,4.4122427755650387e-4,0.00103011867590858,sampconfig_m0_w1.1_d0.8_t1_mg0.99_mm1_l2e+08_i6_s78600_diversified_m1_n100,100,2D_sel_bdg,265.9145626078702,sampconfig_m0_w1.1_d0.8_t1_mg0.99_mm1_l2e+08_i6_s78600,0.00384271903670723,0.00495078841910351,0.0011080693823962802
7.32745667595389e-4,7.204890915305149e-4,4.896121677644347e-4,0.0010006947800823,sampconfig_m0_w1.1_d0.8_t1_mg0.99_mm1_l2e+08_i6_s93323_diversified_m1_n100,100,2D_sel_bdg,414.5483848600164,sampconfig_m0_w1.1_d0.8_t1_mg0.99_mm1_l2e+08_i6_s93323,0.00385192520190858,0.004841347996299,9.8942279439042e-4
3.2365954792288145e-4,3.1803597782558953e-4,1.5348743173507857e-4,5.064760852844939e-4,sampconfig_m0_w1.1_d0.8_t1_mg0.99_mm1_l2e+08_i7_s27521_diversified_m1_n100,100,2D_sel_bdg,677.1798858008236,sampconfig_m0_w1.1_d0.8_t1_mg0.99_mm1_l2e+08_i7_s27521,0.00381800928853443,0.00467561218845023,8.576028999158001e-4
4.289678998382162e-4,4.176881854598824e-4,2.2742821152186557e-4,6.471252273661701e-4,sampconfig_m0_w1.1_d0.8_t1_mg0.99_mm1_l2e+08_i7_s8856_diversified_m1_n100,100,2D_sel_bdg,308.16057776886714,sampconfig_m0_w1.1_d0.8_t1_mg0.99_mm1_l2e+08_i7_s8856,0.00383298240727673,0.00478489022674162,9.519078194648901e-4
2.697903289521201e-4,2.646654921455221e-4,9.45789183353959e-5,4.552088646706954e-4,sampconfig_m0_w1.1_d0.8_t1_mg0.99_mm1_l2e+08_i8_s52540_diversified_m1_n100,100,2D_sel_bdg,468.5574138379929,sampconfig_m0_w1.1_d0.8_t1_mg0.99_mm1_l2e+08_i8_s52540,0.00381127262541954,0.00476423212128757,9.529594958680295e-4
6.353108121931425e-4,6.265431677697233e-4,4.1908314570846656e-4,8.625613640821418e-4,sampconfig_m0_w1.1_d0.8_t1_mg0.99_mm1_l2e+08_i8_s97992_diversified_m1_n100,100,2D_sel_bdg,339.52487478038404,sampconfig_m0_w1.1_d0.8_t1_mg0.99_mm1_l2e+08_i8_s97992,0.00382887974201625,0.00518039807356394,0.0013515183315476898
0.00320412074790919,0.00318026072182547,0.00255486487774673,0.00391234484518065,sampconfig_m0_w1.1_d0_t1_mg0.99_mm1_l2e+08_i1_s48867_diversified_m1_n100,100,2D_sel_bdg,225.71205076934777,sampconfig_m0_w1.1_d0_t1_mg0.99_mm1_l2e+08_i1_s48867,1.0677407303396748e-4,0.00366882069938206,0.0035620466263480925
0.00476548833079272,0.00472090447212829,0.00387872186089955,0.0057040014170772,sampconfig_m0_w1.1_d0_t1_mg0.99_mm1_l2e+08_i1_s53699_diversified_m1_n100,100,2D_sel_bdg,278.08480415348055,sampconfig_m0_w1.1_d0_t1_mg0.99_mm1_l2e+08_i1_s53699,1.0458542230648308e-4,0.00366805409599029,0.003563468673683807
0.00452951160617845,0.00450672294132691,0.00381455587614973,0.00527035501493413,sampconfig_m0_w1.1_d0_t1_mg0.99_mm1_l2e+08_i1_s56527_diversified_m1_n100,100,2D_sel_bdg,668.296723919976,sampconfig_m0_w1.1_d0_t1_mg0.99_mm1_l2e+08_i1_s56527,1.078137558902444e-4,0.00364177105301374,0.0035339572971234954
0.00606107974962317,0.00603564466016347,0.00510501393449828,0.00704654324480886,sampconfig_m0_w1.1_d0_t1_mg0.99_mm1_l2e+08_i2_s79258_diversified_m1_n100,100,2D_sel_bdg,698.7529911046826,sampconfig_m0_w1.1_d0_t1_mg0.99_mm1_l2e+08_i2_s79258,1.0757735639285418e-4,0.00374169635005032,0.0036341189936574658
0.00357909514403017,0.00356334041035579,0.00296932628633313,0.00418300752425187,sampconfig_m0_w1.1_d0_t1_mg0.99_mm1_l2e+08_i5_s19959_diversified_m1_n100,100,2D_sel_bdg,785.2983932609338,sampconfig_m0_w1.1_d0_t1_mg0.99_mm1_l2e+08_i5_s19959,1.0265325754339264e-4,0.00361886591719185,0.0035162126596484573
0.00486012215825904,0.00482148844596888,0.00402331567012362,0.00580771916925125,sampconfig_m0_w1.1_d0_t1_mg0.99_mm1_l2e+08_i6_s8840_diversified_m1_n100,100,2D_sel_bdg,229.9413502458455,sampconfig_m0_w1.1_d0_t1_mg0.99_mm1_l2e+08_i6_s8840,1.0442055114438476e-4,0.0037334116480975,0.003628991096953115
